index,data,is_discord
0,0.02,N
1,-0.22,N
2,0.02,N
3,-0.22,N
4,-0.02,N
5,-0.22,N
6,-0.02,N
7,-0.22,N
8,-0.02,N
9,-0.22,N
10,0.02,N
11,-0.22,N
12,-0.02,N
13,-0.22,N
14,0.02,N
15,-0.22,N
16,-0.02,N
17,-0.22,N
18,0.02,N
19,-0.22,N
20,0.02,N
21,-0.22,N
22,-0.02,N
23,-0.22,N
24,-0.02,N
25,-0.22,N
26,0.02,N
27,-0.22,N
28,0.02,N
29,-0.22,N
30,-0.02,N
31,-0.22,N
32,-0.02,N
33,-0.22,N
34,-0.02,N
35,-0.22,N
36,0.02,N
37,-0.22,N
38,-0.02,N
39,-0.22,N
40,-0.02,N
41,-0.22,N
42,0.02,N
43,-0.22,N
44,0.02,N
45,-0.22,N
46,-0.02,N
47,-0.22,N
48,0.02,N
49,-0.22,N
50,-0.02,N
51,-0.22,N
52,0.02,N
53,-0.22,N
54,-0.02,N
55,-0.22,N
56,-0.02,N
57,-0.22,N
58,0.02,N
59,-0.22,N
60,-0.02,N
61,-0.22,N
62,-0.02,N
63,-0.22,N
64,-0.02,N
65,-0.22,N
66,0.02,N
67,-0.22,N
68,-0.02,N
69,-0.22,N
70,-0.02,N
71,-0.22,N
72,0.02,N
73,-0.22,N
74,-0.02,N
75,-0.22,N
76,-0.02,N
77,-0.22,N
78,0.02,N
79,-0.22,N
80,-0.02,N
81,-0.22,N
82,-0.02,N
83,-0.22,N
84,-0.02,N
85,-0.22,N
86,-0.02,N
87,-0.22,N
88,-0.02,N
89,-0.22,N
90,-0.02,N
91,-0.22,N
92,-0.02,N
93,-0.22,N
94,0.02,N
95,-0.22,N
96,-0.02,N
97,-0.02,N
98,0.66,N
99,0.66,N
100,1.18,N
101,0.14,N
102,0.5,N
103,0.34,N
104,0.7,N
105,0.5,N
106,0.86,N
107,0.7,N
108,1.02,N
109,0.82,N
110,1.18,N
111,0.98,N
112,1.3,N
113,1.1,N
114,1.42,N
115,1.26,N
116,1.58,N
117,1.38,N
118,1.7,N
119,1.46,N
120,1.78,N
121,1.58,N
122,1.9,N
123,1.7,N
124,2.02,N
125,1.82,N
126,2.1,N
127,1.9,N
128,2.18,N
129,2.02,N
130,2.26,N
131,2.06,N
132,2.34,N
133,2.14,N
134,2.42,N
135,2.18,N
136,2.42,N
137,1.74,N
138,2.38,N
139,0.38,N
140,1.9,N
141,-0.06,N
142,1.54,N
143,0.9,N
144,1.18,N
145,0.98,N
146,1.26,N
147,1.06,N
148,1.38,N
149,1.14,N
150,1.42,N
151,1.26,N
152,1.54,N
153,1.18,N
154,1.7,N
155,1.46,N
156,1.82,N
157,1.62,N
158,2.14,N
159,1.82,N
160,2.22,N
161,2.06,N
162,2.42,N
163,2.26,N
164,2.62,N
165,2.46,N
166,2.82,N
167,2.62,N
168,2.94,N
169,2.78,N
170,3.14,N
171,2.94,N
172,3.3,N
173,3.1,N
174,3.38,N
175,3.22,N
176,3.5,N
177,3.34,N
178,3.58,N
179,3.42,N
180,3.66,N
181,3.46,N
182,3.74,N
183,3.5,N
184,3.78,N
185,3.58,N
186,3.82,N
187,3.62,N
188,3.86,N
189,3.66,N
190,3.86,N
191,3.66,N
192,3.9,N
193,3.7,N
194,3.9,N
195,3.7,N
196,3.94,N
197,3.7,N
198,3.94,N
199,3.74,N
200,3.94,N
201,3.74,N
202,3.98,N
203,3.74,N
204,3.98,N
205,3.74,N
206,3.98,N
207,3.7,N
208,3.98,N
209,3.74,N
210,3.98,N
211,3.74,N
212,3.98,N
213,3.74,N
214,3.98,N
215,3.74,N
216,3.98,N
217,3.74,N
218,3.98,N
219,3.74,N
220,3.98,N
221,3.74,N
222,3.98,N
223,3.74,N
224,3.98,N
225,3.74,N
226,3.98,N
227,3.7,N
228,4.02,N
229,3.74,N
230,3.98,N
231,3.74,N
232,3.98,N
233,3.74,N
234,3.98,N
235,3.74,N
236,3.98,N
237,3.74,N
238,3.98,N
239,3.74,N
240,3.98,N
241,3.74,N
242,3.98,N
243,3.74,N
244,3.98,N
245,3.74,N
246,3.98,N
247,3.74,N
248,3.98,N
249,3.74,N
250,3.98,N
251,3.74,N
252,3.98,N
253,3.74,N
254,3.98,N
255,3.74,N
256,3.98,N
257,3.74,N
258,3.98,N
259,3.74,N
260,3.98,N
261,3.74,N
262,3.98,N
263,3.74,N
264,3.98,N
265,3.74,N
266,3.98,N
267,3.74,N
268,3.98,N
269,3.74,N
270,3.98,N
271,3.74,N
272,3.98,N
273,3.74,N
274,3.98,N
275,3.74,N
276,3.98,N
277,3.74,N
278,3.98,N
279,3.74,N
280,3.98,N
281,3.74,N
282,3.98,N
283,3.7,N
284,3.98,N
285,3.74,N
286,3.98,N
287,3.74,N
288,3.98,N
289,3.74,N
290,3.98,N
291,3.74,N
292,3.98,N
293,3.74,N
294,3.98,N
295,3.7,N
296,3.98,N
297,3.74,N
298,3.98,N
299,3.74,N
300,3.98,N
301,3.74,N
302,3.98,N
303,3.74,N
304,3.98,N
305,3.74,N
306,3.98,N
307,3.74,N
308,3.98,N
309,3.7,N
310,3.98,N
311,3.74,N
312,3.98,N
313,3.74,N
314,3.98,N
315,3.74,N
316,3.98,N
317,3.74,N
318,3.98,N
319,3.74,N
320,3.98,N
321,3.74,N
322,3.98,N
323,3.74,N
324,3.98,N
325,3.74,N
326,3.98,N
327,3.74,N
328,3.98,N
329,3.74,N
330,3.98,N
331,3.74,N
332,3.98,N
333,3.74,N
334,3.98,N
335,3.74,N
336,3.98,N
337,3.74,N
338,3.98,N
339,3.74,N
340,3.98,N
341,3.74,N
342,3.98,N
343,3.74,N
344,3.98,N
345,3.74,N
346,3.98,N
347,3.74,N
348,3.98,N
349,3.74,N
350,3.98,N
351,3.74,N
352,3.98,N
353,3.74,N
354,3.98,N
355,3.74,N
356,3.98,N
357,3.7,N
358,3.98,N
359,3.74,N
360,3.98,N
361,3.7,N
362,3.98,N
363,3.74,N
364,3.94,N
365,3.02,N
366,3.02,N
367,3.02,N
368,1.74,N
369,1.74,N
370,2.38,N
371,1.42,N
372,1.9,N
373,0.94,N
374,1.62,N
375,1.02,N
376,1.38,N
377,0.9,N
378,1.22,N
379,0.78,N
380,1.1,N
381,0.7,N
382,0.98,N
383,0.62,N
384,0.9,N
385,0.58,N
386,0.86,N
387,0.54,N
388,0.78,N
389,0.5,N
390,0.74,N
391,0.5,N
392,0.7,N
393,0.46,N
394,0.66,N
395,0.42,N
396,0.62,N
397,0.42,N
398,0.62,N
399,0.42,N
400,0.62,N
401,0.42,N
402,0.62,N
403,0.38,N
404,0.62,N
405,0.38,N
406,0.58,N
407,0.38,N
408,0.58,N
409,0.34,N
410,0.58,N
411,0.26,N
412,0.58,N
413,0.34,N
414,0.54,N
415,0.3,N
416,0.5,N
417,0.3,N
418,0.5,N
419,0.3,N
420,0.5,N
421,0.26,N
422,0.46,N
423,0.26,N
424,0.46,N
425,0.26,N
426,0.46,N
427,0.22,N
428,0.46,N
429,0.22,N
430,0.46,N
431,0.22,N
432,0.46,N
433,0.22,N
434,0.42,N
435,0.22,N
436,0.42,N
437,0.22,N
438,0.42,N
439,0.22,N
440,0.42,N
441,0.18,N
442,0.42,N
443,0.18,N
444,0.38,N
445,0.18,N
446,0.38,N
447,0.14,N
448,0.38,N
449,0.14,N
450,0.38,N
451,0.14,N
452,0.38,N
453,0.14,N
454,0.38,N
455,0.14,N
456,0.38,N
457,0.14,N
458,0.38,N
459,0.1,N
460,0.38,N
461,0.1,N
462,0.34,N
463,0.1,N
464,0.34,N
465,0.1,N
466,0.34,N
467,0.1,N
468,0.34,N
469,0.1,N
470,0.34,N
471,0.06,N
472,0.3,N
473,0.1,N
474,0.3,N
475,0.06,N
476,0.3,N
477,0.06,N
478,0.3,N
479,0.06,N
480,0.3,N
481,0.06,N
482,0.3,N
483,0.06,N
484,0.3,N
485,0.06,N
486,0.26,N
487,0.06,N
488,0.26,N
489,0.02,N
490,0.26,N
491,0.06,N
492,0.26,N
493,0.02,N
494,0.3,N
495,0.02,N
496,0.26,N
497,0.02,N
498,0.26,N
499,0.02,N
500,0.26,N
501,0.02,N
502,0.26,N
503,0.02,N
504,0.26,N
505,0.02,N
506,0.26,N
507,0.02,N
508,0.26,N
509,0.02,N
510,0.22,N
511,0.02,N
512,0.22,N
513,0.02,N
514,0.22,N
515,0.02,N
516,0.3,N
517,0.14,N
518,0.74,N
519,0.58,N
520,1.06,N
521,0.54,N
522,1.02,N
523,0.62,N
524,0.94,N
525,0.62,N
526,0.86,N
527,0.58,N
528,0.82,N
529,0.54,N
530,0.78,N
531,0.5,N
532,0.74,N
533,0.46,N
534,0.74,N
535,0.42,N
536,0.66,N
537,0.38,N
538,0.62,N
539,0.38,N
540,0.58,N
541,0.34,N
542,0.54,N
543,0.3,N
544,0.54,N
545,0.3,N
546,0.5,N
547,0.26,N
548,0.46,N
549,0.22,N
550,0.46,N
551,0.22,N
552,0.42,N
553,0.18,N
554,0.42,N
555,0.14,N
556,0.38,N
557,0.14,N
558,0.38,N
559,0.14,N
560,0.34,N
561,0.1,N
562,0.34,N
563,0.1,N
564,0.3,N
565,0.06,N
566,0.3,N
567,0.06,N
568,0.26,N
569,0.02,N
570,0.26,N
571,0.02,N
572,0.22,N
573,-0.02,N
574,0.22,N
575,-0.02,N
576,0.22,N
577,-0.02,N
578,0.22,N
579,-0.02,N
580,0.18,N
581,-0.06,N
582,0.18,N
583,-0.06,N
584,0.14,N
585,-0.06,N
586,0.14,N
587,-0.1,N
588,0.14,N
589,-0.1,N
590,0.14,N
591,-0.1,N
592,0.1,N
593,-0.1,N
594,0.1,N
595,-0.14,N
596,0.1,N
597,-0.14,N
598,0.1,N
599,-0.14,N
600,0.1,N
601,-0.14,N
602,0.06,N
603,-0.14,N
604,0.06,N
605,-0.14,N
606,0.06,N
607,-0.18,N
608,0.06,N
609,-0.18,N
610,0.06,N
611,-0.18,N
612,0.06,N
613,-0.18,N
614,0.02,N
615,-0.18,N
616,0.06,N
617,-0.18,N
618,0.02,N
619,-0.18,N
620,0.02,N
621,-0.18,N
622,0.02,N
623,-0.22,N
624,0.02,N
625,-0.22,N
626,0.02,N
627,-0.22,N
628,0.02,N
629,-0.22,N
630,0.02,N
631,-0.22,N
632,0.02,N
633,-0.22,N
634,0.02,N
635,-0.22,N
636,-0.02,N
637,-0.22,N
638,0.02,N
639,-0.22,N
640,0.02,N
641,-0.22,N
642,0.02,N
643,-0.22,N
644,-0.02,N
645,-0.22,N
646,0.02,N
647,-0.22,N
648,0.02,N
649,-0.22,N
650,-0.02,N
651,-0.22,N
652,0.02,N
653,-0.22,N
654,-0.02,N
655,-0.22,N
656,0.02,N
657,-0.22,N
658,-0.02,N
659,-0.22,N
660,0.02,N
661,-0.22,N
662,-0.02,N
663,-0.22,N
664,-0.02,N
665,-0.22,N
666,0.02,N
667,-0.22,N
668,0.02,N
669,-0.22,N
670,-0.02,N
671,-0.22,N
672,0.02,N
673,-0.22,N
674,-0.02,N
675,-0.22,N
676,-0.02,N
677,-0.22,N
678,-0.02,N
679,-0.22,N
680,0.02,N
681,-0.22,N
682,-0.02,N
683,-0.26,N
684,0.02,N
685,-0.22,N
686,-0.02,N
687,-0.22,N
688,0.02,N
689,-0.22,N
690,0.02,N
691,-0.22,N
692,0.02,N
693,-0.22,N
694,-0.02,N
695,-0.22,N
696,-0.02,N
697,-0.22,N
698,-0.02,N
699,-0.22,N
700,-0.02,N
701,-0.22,N
702,-0.02,N
703,-0.22,N
704,0.02,N
705,-0.22,N
706,-0.02,N
707,-0.22,N
708,0.02,N
709,-0.22,N
710,-0.02,N
711,-0.22,N
712,-0.02,N
713,-0.22,N
714,-0.02,N
715,-0.22,N
716,-0.02,N
717,-0.22,N
718,0.02,N
719,-0.22,N
720,0.02,N
721,-0.22,N
722,0.02,N
723,-0.22,N
724,0.02,N
725,-0.22,N
726,-0.02,N
727,-0.22,N
728,0.02,N
729,-0.22,N
730,0.02,N
731,-0.22,N
732,0.02,N
733,-0.22,N
734,0.02,N
735,-0.22,N
736,-0.02,N
737,-0.22,N
738,0.02,N
739,-0.22,N
740,-0.02,N
741,-0.22,N
742,0.02,N
743,-0.22,N
744,0.02,N
745,-0.22,N
746,-0.02,N
747,-0.22,N
748,-0.02,N
749,-0.22,N
750,-0.02,N
751,-0.22,N
752,0.02,N
753,-0.22,N
754,0.02,N
755,-0.22,N
756,-0.02,N
757,-0.22,N
758,-0.02,N
759,-0.22,N
760,-0.02,N
761,-0.22,N
762,-0.02,N
763,-0.22,N
764,0.02,N
765,-0.22,N
766,0.02,N
767,-0.22,N
768,-0.02,N
769,-0.22,N
770,-0.02,N
771,-0.22,N
772,0.02,N
773,-0.22,N
774,-0.02,N
775,-0.22,N
776,0.02,N
777,-0.22,N
778,-0.02,N
779,-0.22,N
780,-0.02,N
781,-0.22,N
782,0.02,N
783,-0.22,N
784,-0.02,N
785,-0.22,N
786,0.02,N
787,-0.22,N
788,0.02,N
789,-0.22,N
790,-0.02,N
791,-0.22,N
792,0.02,N
793,-0.22,N
794,-0.02,N
795,-0.22,N
796,-0.02,N
797,-0.22,N
798,-0.02,N
799,-0.22,N
800,-0.02,N
801,-0.22,N
802,0.02,N
803,-0.22,N
804,0.02,N
805,-0.22,N
806,-0.02,N
807,-0.22,N
808,0.02,N
809,-0.22,N
810,-0.02,N
811,-0.22,N
812,-0.02,N
813,-0.22,N
814,0.02,N
815,-0.22,N
816,-0.02,N
817,-0.22,N
818,0.02,N
819,-0.22,N
820,0.02,N
821,-0.22,N
822,-0.02,N
823,-0.22,N
824,-0.02,N
825,-0.22,N
826,-0.02,N
827,-0.22,N
828,-0.02,N
829,-0.22,N
830,-0.02,N
831,-0.22,N
832,-0.02,N
833,-0.22,N
834,0.02,N
835,-0.22,N
836,0.02,N
837,-0.22,N
838,-0.02,N
839,-0.22,N
840,-0.02,N
841,-0.22,N
842,0.02,N
843,-0.22,N
844,0.02,N
845,-0.22,N
846,-0.02,N
847,-0.22,N
848,0.02,N
849,-0.22,N
850,-0.02,N
851,-0.22,N
852,-0.02,N
853,-0.22,N
854,0.02,N
855,-0.22,N
856,-0.02,N
857,-0.22,N
858,-0.02,N
859,-0.22,N
860,-0.02,N
861,-0.22,N
862,-0.02,N
863,-0.22,N
864,0.02,N
865,-0.22,N
866,0.02,N
867,-0.22,N
868,0.02,N
869,-0.22,N
870,-0.02,N
871,-0.22,N
872,0.02,N
873,-0.22,N
874,0.02,N
875,-0.22,N
876,0.02,N
877,-0.22,N
878,-0.02,N
879,-0.22,N
880,-0.02,N
881,-0.22,N
882,0.02,N
883,-0.22,N
884,0.02,N
885,-0.22,N
886,-0.02,N
887,-0.22,N
888,-0.02,N
889,-0.22,N
890,-0.02,N
891,-0.22,N
892,-0.02,N
893,-0.22,N
894,-0.02,N
895,-0.22,N
896,-0.02,N
897,-0.22,N
898,0.02,N
899,-0.22,N
900,0.02,N
901,-0.22,N
902,-0.02,N
903,-0.22,N
904,-0.02,N
905,-0.22,N
906,0.02,N
907,-0.22,N
908,0.02,N
909,-0.22,N
910,0.02,N
911,-0.22,N
912,-0.02,N
913,-0.22,N
914,0.02,N
915,-0.22,N
916,0.02,N
917,-0.22,N
918,-0.02,N
919,-0.22,N
920,0.02,N
921,-0.22,N
922,0.02,N
923,-0.22,N
924,0.02,N
925,-0.22,N
926,-0.02,N
927,-0.22,N
928,-0.02,N
929,-0.22,N
930,-0.02,N
931,-0.22,N
932,-0.02,N
933,-0.22,N
934,-0.02,N
935,-0.22,N
936,0.02,N
937,-0.22,N
938,-0.02,N
939,-0.22,N
940,-0.02,N
941,-0.22,N
942,-0.02,N
943,-0.22,N
944,-0.02,N
945,-0.22,N
946,-0.02,N
947,-0.22,N
948,0.02,N
949,-0.22,N
950,0.02,N
951,-0.22,N
952,0.02,N
953,-0.22,N
954,-0.02,N
955,-0.22,N
956,0.02,N
957,-0.22,N
958,0.02,N
959,-0.22,N
960,0.02,N
961,-0.22,N
962,0.02,N
963,-0.22,N
964,-0.02,N
965,-0.22,N
966,-0.02,N
967,-0.22,N
968,0.02,N
969,-0.22,N
970,0.02,N
971,-0.22,N
972,0.02,N
973,-0.22,N
974,-0.02,N
975,-0.22,N
976,-0.02,N
977,-0.22,N
978,-0.02,N
979,-0.22,N
980,0.02,N
981,-0.22,N
982,0.02,N
983,-0.22,N
984,-0.02,N
985,-0.22,N
986,-0.02,N
987,-0.22,N
988,0.02,N
989,-0.22,N
990,0.02,N
991,-0.22,N
992,0.02,N
993,-0.22,N
994,0.02,N
995,-0.22,N
996,-0.02,N
997,-0.22,N
998,0.02,N
999,-0.22,N
1000,-0.02,N
1001,-0.22,N
1002,-0.02,N
1003,-0.22,N
1004,-0.02,N
1005,-0.22,N
1006,-0.02,N
1007,-0.22,N
1008,-0.02,N
1009,-0.22,N
1010,-0.02,N
1011,-0.22,N
1012,0.02,N
1013,-0.22,N
1014,-0.02,N
1015,-0.22,N
1016,-0.02,N
1017,-0.22,N
1018,0.02,N
1019,-0.22,N
1020,0.02,N
1021,-0.22,N
1022,-0.02,N
1023,-0.22,N
1024,0.02,N
1025,-0.22,N
1026,-0.02,N
1027,-0.22,N
1028,-0.02,N
1029,-0.22,N
1030,-0.02,N
1031,-0.22,N
1032,-0.02,N
1033,-0.22,N
1034,-0.02,N
1035,-0.22,N
1036,-0.02,N
1037,-0.22,N
1038,0.02,N
1039,-0.22,N
1040,0.02,N
1041,-0.22,N
1042,-0.02,N
1043,-0.22,N
1044,0.02,N
1045,-0.22,N
1046,0.02,N
1047,-0.22,N
1048,-0.02,N
1049,-0.22,N
1050,-0.02,N
1051,-0.22,N
1052,-0.02,N
1053,-0.22,N
1054,-0.02,N
1055,-0.22,N
1056,-0.02,N
1057,-0.22,N
1058,-0.02,N
1059,-0.22,N
1060,-0.02,N
1061,-0.22,N
1062,-0.02,N
1063,-0.22,N
1064,0.02,N
1065,-0.22,N
1066,-0.02,N
1067,-0.22,N
1068,-0.02,N
1069,-0.22,N
1070,-0.02,N
1071,-0.22,N
1072,-0.02,N
1073,-0.22,N
1074,-0.02,N
1075,-0.22,N
1076,0.02,N
1077,-0.22,N
1078,-0.02,N
1079,-0.22,N
1080,0.02,N
1081,-0.22,N
1082,-0.02,N
1083,-0.22,N
1084,-0.02,N
1085,-0.22,N
1086,-0.02,N
1087,-0.22,N
1088,0.02,N
1089,0.02,N
1090,0.58,N
1091,-0.06,N
1092,0.38,N
1093,0.22,N
1094,0.58,N
1095,0.38,N
1096,0.74,N
1097,0.58,N
1098,0.86,N
1099,0.7,N
1100,1.06,N
1101,0.86,N
1102,1.22,N
1103,1.02,N
1104,1.34,N
1105,1.14,N
1106,1.46,N
1107,1.26,N
1108,1.58,N
1109,1.42,N
1110,1.7,N
1111,1.54,N
1112,1.82,N
1113,1.62,N
1114,1.94,N
1115,1.74,N
1116,2.02,N
1117,1.82,N
1118,2.14,N
1119,1.94,N
1120,2.22,N
1121,2.02,N
1122,2.3,N
1123,2.1,N
1124,2.38,N
1125,2.18,N
1126,2.42,N
1127,1.94,N
1128,2.38,N
1129,0.74,N
1130,2.1,N
1131,-0.02,N
1132,1.54,N
1133,0.14,N
1134,1.42,N
1135,0.98,N
1136,1.22,N
1137,1.02,N
1138,1.3,N
1139,1.14,N
1140,1.42,N
1141,1.22,N
1142,1.62,N
1143,1.3,N
1144,1.66,N
1145,1.46,N
1146,1.78,N
1147,1.58,N
1148,1.98,N
1149,1.78,N
1150,2.14,N
1151,1.98,N
1152,2.38,N
1153,2.18,N
1154,2.58,N
1155,2.38,N
1156,2.74,N
1157,2.58,N
1158,2.9,N
1159,2.74,N
1160,3.1,N
1161,2.9,N
1162,3.26,N
1163,3.1,N
1164,3.38,N
1165,3.22,N
1166,3.5,N
1167,3.34,N
1168,3.62,N
1169,3.42,N
1170,3.7,N
1171,3.5,N
1172,3.78,N
1173,3.54,N
1174,3.82,N
1175,3.62,N
1176,3.86,N
1177,3.66,N
1178,3.9,N
1179,3.7,N
1180,3.94,N
1181,3.74,N
1182,3.98,N
1183,3.74,N
1184,3.98,N
1185,3.74,N
1186,3.98,N
1187,3.78,N
1188,3.98,N
1189,3.78,N
1190,3.98,N
1191,3.78,N
1192,3.98,N
1193,3.78,N
1194,4.02,N
1195,3.78,N
1196,4.02,N
1197,3.82,N
1198,4.02,N
1199,3.78,N
1200,4.02,N
1201,3.82,N
1202,4.02,N
1203,3.78,N
1204,4.02,N
1205,3.82,N
1206,4.02,N
1207,3.82,N
1208,4.02,N
1209,3.82,N
1210,4.02,N
1211,3.82,N
1212,4.02,N
1213,3.82,N
1214,4.02,N
1215,3.82,N
1216,4.06,N
1217,3.78,N
1218,4.06,N
1219,3.82,N
1220,4.02,N
1221,3.82,N
1222,4.02,N
1223,3.82,N
1224,4.02,N
1225,3.82,N
1226,4.02,N
1227,3.82,N
1228,4.02,N
1229,3.82,N
1230,4.02,N
1231,3.78,N
1232,4.02,N
1233,3.82,N
1234,4.02,N
1235,3.82,N
1236,4.02,N
1237,3.78,N
1238,4.02,N
1239,3.82,N
1240,4.02,N
1241,3.82,N
1242,4.02,N
1243,3.82,N
1244,4.02,N
1245,3.82,N
1246,4.02,N
1247,3.82,N
1248,4.02,N
1249,3.82,N
1250,4.02,N
1251,3.82,N
1252,4.02,N
1253,3.78,N
1254,4.02,N
1255,3.82,N
1256,4.02,N
1257,3.82,N
1258,4.02,N
1259,3.82,N
1260,4.02,N
1261,3.82,N
1262,4.02,N
1263,3.78,N
1264,4.02,N
1265,3.82,N
1266,4.02,N
1267,3.78,N
1268,4.02,N
1269,3.82,N
1270,4.02,N
1271,3.78,N
1272,4.02,N
1273,3.82,N
1274,4.02,N
1275,3.78,N
1276,4.02,N
1277,3.82,N
1278,4.02,N
1279,3.78,N
1280,4.02,N
1281,3.78,N
1282,4.02,N
1283,3.78,N
1284,4.02,N
1285,3.82,N
1286,4.02,N
1287,3.78,N
1288,4.02,N
1289,3.82,N
1290,4.02,N
1291,3.82,N
1292,4.02,N
1293,3.78,N
1294,4.02,N
1295,3.82,N
1296,4.02,N
1297,3.78,N
1298,4.02,N
1299,3.78,N
1300,4.02,N
1301,3.78,N
1302,4.02,N
1303,3.78,N
1304,4.02,N
1305,3.82,N
1306,4.02,N
1307,3.78,N
1308,4.02,N
1309,3.82,N
1310,4.02,N
1311,3.78,N
1312,4.02,N
1313,3.82,N
1314,4.02,N
1315,3.78,N
1316,4.02,N
1317,3.78,N
1318,4.02,N
1319,3.78,N
1320,4.02,N
1321,3.82,N
1322,4.02,N
1323,3.78,N
1324,4.02,N
1325,3.78,N
1326,4.02,N
1327,3.78,N
1328,4.02,N
1329,3.82,N
1330,4.02,N
1331,3.82,N
1332,4.02,N
1333,3.82,N
1334,4.02,N
1335,3.82,N
1336,4.02,N
1337,3.78,N
1338,4.02,N
1339,3.82,N
1340,4.02,N
1341,3.82,N
1342,4.02,N
1343,3.82,N
1344,4.02,N
1345,3.78,N
1346,4.02,N
1347,3.78,N
1348,4.02,N
1349,3.78,N
1350,4.02,N
1351,3.78,N
1352,4.02,N
1353,3.82,N
1354,4.02,N
1355,3.82,N
1356,4.02,N
1357,3.78,N
1358,4.02,N
1359,3.82,N
1360,4.02,N
1361,3.82,N
1362,4.02,N
1363,3.78,N
1364,4.02,N
1365,3.78,N
1366,4.02,N
1367,3.78,N
1368,4.02,N
1369,3.78,N
1370,4.02,N
1371,3.78,N
1372,4.02,N
1373,3.78,N
1374,3.98,N
1375,3.78,N
1376,4.02,N
1377,3.78,N
1378,3.98,N
1379,3.78,N
1380,3.98,N
1381,3.78,N
1382,3.98,N
1383,3.78,N
1384,3.98,N
1385,3.98,N
1386,2.06,N
1387,2.06,N
1388,2.86,N
1389,1.62,N
1390,2.22,N
1391,1.38,N
1392,1.82,N
1393,1.18,N
1394,1.58,N
1395,1.02,N
1396,1.34,N
1397,0.86,N
1398,1.18,N
1399,0.42,N
1400,1.18,N
1401,0.7,N
1402,0.98,N
1403,0.62,N
1404,0.9,N
1405,0.58,N
1406,0.82,N
1407,0.54,N
1408,0.78,N
1409,0.5,N
1410,0.74,N
1411,0.46,N
1412,0.7,N
1413,0.46,N
1414,0.66,N
1415,0.42,N
1416,0.62,N
1417,0.42,N
1418,0.62,N
1419,0.42,N
1420,0.62,N
1421,0.42,N
1422,0.62,N
1423,0.38,N
1424,0.62,N
1425,0.38,N
1426,0.58,N
1427,0.38,N
1428,0.58,N
1429,0.34,N
1430,0.54,N
1431,0.34,N
1432,0.54,N
1433,0.3,N
1434,0.54,N
1435,0.3,N
1436,0.54,N
1437,0.26,N
1438,0.5,N
1439,0.26,N
1440,0.5,N
1441,0.26,N
1442,0.5,N
1443,0.26,N
1444,0.46,N
1445,0.26,N
1446,0.46,N
1447,0.22,N
1448,0.46,N
1449,0.22,N
1450,0.46,N
1451,0.22,N
1452,0.42,N
1453,0.22,N
1454,0.42,N
1455,0.22,N
1456,0.42,N
1457,0.22,N
1458,0.42,N
1459,0.18,N
1460,0.42,N
1461,0.18,N
1462,0.42,N
1463,0.18,N
1464,0.38,N
1465,0.14,N
1466,0.38,N
1467,0.14,N
1468,0.38,N
1469,0.14,N
1470,0.38,N
1471,0.14,N
1472,0.38,N
1473,0.14,N
1474,0.38,N
1475,0.14,N
1476,0.38,N
1477,0.14,N
1478,0.38,N
1479,0.1,N
1480,0.34,N
1481,0.1,N
1482,0.34,N
1483,0.1,N
1484,0.34,N
1485,0.1,N
1486,0.3,N
1487,0.1,N
1488,0.34,N
1489,0.1,N
1490,0.3,N
1491,0.1,N
1492,0.34,N
1493,0.1,N
1494,0.3,N
1495,0.06,N
1496,0.3,N
1497,0.06,N
1498,0.3,N
1499,0.06,N
1500,0.3,N
1501,0.06,N
1502,0.3,N
1503,0.06,N
1504,0.3,N
1505,0.06,N
1506,0.26,N
1507,0.06,N
1508,0.26,N
1509,0.06,N
1510,0.26,N
1511,0.02,N
1512,0.26,N
1513,0.02,N
1514,0.26,N
1515,0.02,N
1516,0.26,N
1517,0.02,N
1518,0.26,N
1519,0.02,N
1520,0.26,N
1521,0.02,N
1522,0.26,N
1523,0.02,N
1524,0.22,N
1525,0.02,N
1526,0.26,N
1527,0.02,N
1528,0.22,N
1529,0.02,N
1530,0.26,N
1531,0.02,N
1532,0.22,N
1533,0.02,N
1534,0.22,N
1535,0.02,N
1536,0.22,N
1537,0.02,N
1538,0.26,N
1539,0.06,N
1540,0.62,N
1541,0.42,N
1542,1.14,N
1543,0.42,N
1544,1.1,N
1545,0.7,N
1546,0.9,N
1547,0.62,N
1548,0.86,N
1549,0.58,N
1550,0.82,N
1551,0.54,N
1552,0.78,N
1553,0.5,N
1554,0.74,N
1555,0.5,N
1556,0.7,N
1557,0.46,N
1558,0.66,N
1559,0.42,N
1560,0.62,N
1561,0.38,N
1562,0.62,N
1563,0.38,N
1564,0.58,N
1565,0.34,N
1566,0.58,N
1567,0.3,N
1568,0.54,N
1569,0.26,N
1570,0.5,N
1571,0.22,N
1572,0.46,N
1573,0.22,N
1574,0.46,N
1575,0.18,N
1576,0.42,N
1577,0.18,N
1578,0.38,N
1579,0.14,N
1580,0.38,N
1581,0.14,N
1582,0.38,N
1583,0.1,N
1584,0.34,N
1585,0.1,N
1586,0.34,N
1587,0.06,N
1588,0.3,N
1589,0.06,N
1590,0.3,N
1591,0.06,N
1592,0.26,N
1593,0.02,N
1594,0.26,N
1595,-0.02,N
1596,0.22,N
1597,-0.02,N
1598,0.22,N
1599,-0.02,N
1600,0.22,N
1601,-0.02,N
1602,0.22,N
1603,-0.02,N
1604,0.18,N
1605,-0.06,N
1606,0.18,N
1607,-0.06,N
1608,0.14,N
1609,-0.1,N
1610,0.14,N
1611,-0.1,N
1612,0.14,N
1613,-0.1,N
1614,0.1,N
1615,-0.1,N
1616,0.1,N
1617,-0.1,N
1618,0.1,N
1619,-0.14,N
1620,0.1,N
1621,-0.14,N
1622,0.1,N
1623,-0.14,N
1624,0.1,N
1625,-0.14,N
1626,0.06,N
1627,-0.14,N
1628,0.06,N
1629,-0.14,N
1630,0.06,N
1631,-0.18,N
1632,0.06,N
1633,-0.18,N
1634,0.06,N
1635,-0.18,N
1636,0.02,N
1637,-0.18,N
1638,0.02,N
1639,-0.18,N
1640,0.02,N
1641,-0.18,N
1642,0.02,N
1643,-0.22,N
1644,0.02,N
1645,-0.22,N
1646,0.02,N
1647,-0.22,N
1648,0.02,N
1649,-0.22,N
1650,0.02,N
1651,-0.22,N
1652,0.02,N
1653,-0.22,N
1654,0.02,N
1655,-0.22,N
1656,-0.02,N
1657,-0.22,N
1658,-0.02,N
1659,-0.22,N
1660,0.02,N
1661,-0.22,N
1662,-0.02,N
1663,-0.22,N
1664,-0.02,N
1665,-0.22,N
1666,-0.02,N
1667,-0.22,N
1668,0.02,N
1669,-0.22,N
1670,0.02,N
1671,-0.22,N
1672,-0.02,N
1673,-0.22,N
1674,-0.02,N
1675,-0.22,N
1676,0.02,N
1677,-0.22,N
1678,-0.02,N
1679,-0.22,N
1680,-0.02,N
1681,-0.22,N
1682,-0.02,N
1683,-0.22,N
1684,0.02,N
1685,-0.22,N
1686,-0.02,N
1687,-0.22,N
1688,-0.02,N
1689,-0.22,N
1690,-0.02,N
1691,-0.22,N
1692,0.02,N
1693,-0.22,N
1694,-0.02,N
1695,-0.22,N
1696,-0.02,N
1697,-0.22,N
1698,-0.02,N
1699,-0.22,N
1700,-0.02,N
1701,-0.22,N
1702,-0.02,N
1703,-0.22,N
1704,-0.02,N
1705,-0.22,N
1706,-0.02,N
1707,-0.22,N
1708,-0.02,N
1709,-0.22,N
1710,-0.02,N
1711,-0.22,N
1712,-0.02,N
1713,-0.22,N
1714,0.02,N
1715,-0.22,N
1716,-0.02,N
1717,-0.22,N
1718,0.02,N
1719,-0.22,N
1720,-0.02,N
1721,-0.22,N
1722,0.02,N
1723,-0.22,N
1724,0.02,N
1725,-0.22,N
1726,-0.02,N
1727,-0.22,N
1728,-0.02,N
1729,-0.22,N
1730,0.02,N
1731,-0.22,N
1732,-0.02,N
1733,-0.22,N
1734,-0.02,N
1735,-0.22,N
1736,0.02,N
1737,-0.22,N
1738,0.02,N
1739,-0.22,N
1740,-0.02,N
1741,-0.22,N
1742,-0.02,N
1743,-0.22,N
1744,-0.02,N
1745,-0.22,N
1746,0.02,N
1747,-0.22,N
1748,0.02,N
1749,-0.22,N
1750,-0.02,N
1751,-0.22,N
1752,-0.02,N
1753,-0.22,N
1754,-0.02,N
1755,-0.22,N
1756,-0.02,N
1757,-0.22,N
1758,0.02,N
1759,-0.22,N
1760,0.02,N
1761,-0.22,N
1762,-0.02,N
1763,-0.22,N
1764,-0.02,N
1765,-0.22,N
1766,-0.02,N
1767,-0.22,N
1768,0.02,N
1769,-0.22,N
1770,-0.02,N
1771,-0.22,N
1772,0.02,N
1773,-0.22,N
1774,-0.02,N
1775,-0.22,N
1776,0.02,N
1777,-0.22,N
1778,-0.02,N
1779,-0.22,N
1780,-0.02,N
1781,-0.22,N
1782,-0.02,N
1783,-0.22,N
1784,0.02,N
1785,-0.22,N
1786,-0.02,N
1787,-0.22,N
1788,0.02,N
1789,-0.22,N
1790,-0.02,N
1791,-0.22,N
1792,0.02,N
1793,-0.22,N
1794,0.02,N
1795,-0.22,N
1796,-0.02,N
1797,-0.22,N
1798,-0.02,N
1799,-0.22,N
1800,0.02,N
1801,-0.22,N
1802,-0.02,N
1803,-0.22,N
1804,0.02,N
1805,-0.22,N
1806,-0.02,N
1807,-0.22,N
1808,-0.02,N
1809,-0.22,N
1810,-0.02,N
1811,-0.22,N
1812,-0.02,N
1813,-0.22,N
1814,-0.02,N
1815,-0.22,N
1816,-0.02,N
1817,-0.22,N
1818,-0.02,N
1819,-0.22,N
1820,-0.02,N
1821,-0.22,N
1822,-0.02,N
1823,-0.22,N
1824,-0.02,N
1825,-0.22,N
1826,-0.02,N
1827,-0.22,N
1828,-0.02,N
1829,-0.22,N
1830,-0.02,N
1831,-0.22,N
1832,-0.02,N
1833,-0.22,N
1834,0.02,N
1835,-0.22,N
1836,-0.02,N
1837,-0.22,N
1838,-0.02,N
1839,-0.22,N
1840,-0.02,N
1841,-0.22,N
1842,-0.02,N
1843,-0.22,N
1844,-0.02,N
1845,-0.22,N
1846,-0.02,N
1847,-0.22,N
1848,-0.02,N
1849,-0.22,N
1850,-0.02,N
1851,-0.22,N
1852,0.02,N
1853,-0.22,N
1854,-0.02,N
1855,-0.22,N
1856,0.02,N
1857,-0.22,N
1858,0.02,N
1859,-0.22,N
1860,0.02,N
1861,-0.22,N
1862,-0.02,N
1863,-0.22,N
1864,0.02,N
1865,-0.22,N
1866,-0.02,N
1867,-0.22,N
1868,-0.02,N
1869,-0.22,N
1870,-0.02,N
1871,-0.22,N
1872,-0.02,N
1873,-0.22,N
1874,-0.02,N
1875,-0.22,N
1876,-0.02,N
1877,-0.22,N
1878,-0.02,N
1879,-0.22,N
1880,-0.02,N
1881,-0.22,N
1882,-0.02,N
1883,-0.22,N
1884,-0.02,N
1885,-0.22,N
1886,0.02,N
1887,-0.22,N
1888,0.02,N
1889,-0.22,N
1890,-0.02,N
1891,-0.22,N
1892,-0.02,N
1893,-0.22,N
1894,0.02,N
1895,-0.22,N
1896,-0.02,N
1897,-0.22,N
1898,-0.02,N
1899,-0.22,N
1900,0.02,N
1901,-0.22,N
1902,0.02,N
1903,-0.22,N
1904,0.02,N
1905,-0.26,N
1906,0.02,N
1907,-0.22,N
1908,-0.02,N
1909,-0.22,N
1910,0.02,N
1911,-0.22,N
1912,-0.02,N
1913,-0.22,N
1914,-0.02,N
1915,-0.22,N
1916,-0.02,N
1917,-0.22,N
1918,0.02,N
1919,-0.22,N
1920,0.02,N
1921,-0.22,N
1922,-0.02,N
1923,-0.22,N
1924,0.02,N
1925,-0.22,N
1926,-0.02,N
1927,-0.22,N
1928,-0.02,N
1929,-0.22,N
1930,-0.02,N
1931,-0.22,N
1932,-0.02,N
1933,-0.22,N
1934,-0.02,N
1935,-0.22,N
1936,0.02,N
1937,-0.22,N
1938,-0.02,N
1939,-0.22,N
1940,-0.02,N
1941,-0.22,N
1942,-0.02,N
1943,-0.22,N
1944,-0.02,N
1945,-0.22,N
1946,-0.02,N
1947,-0.22,N
1948,0.02,N
1949,-0.22,N
1950,-0.02,N
1951,-0.22,N
1952,-0.02,N
1953,-0.22,N
1954,-0.02,N
1955,-0.22,N
1956,-0.02,N
1957,-0.22,N
1958,-0.02,N
1959,-0.22,N
1960,-0.02,N
1961,-0.22,N
1962,-0.02,N
1963,-0.22,N
1964,-0.02,N
1965,-0.22,N
1966,-0.02,N
1967,-0.22,N
1968,-0.02,N
1969,-0.22,N
1970,-0.02,N
1971,-0.22,N
1972,0.02,N
1973,-0.22,N
1974,-0.02,N
1975,-0.22,N
1976,0.02,N
1977,-0.22,N
1978,-0.02,N
1979,-0.22,N
1980,-0.02,N
1981,-0.22,N
1982,0.02,N
1983,-0.22,N
1984,0.02,N
1985,-0.22,N
1986,-0.02,N
1987,-0.22,N
1988,-0.02,N
1989,-0.22,N
1990,-0.02,N
1991,-0.22,N
1992,-0.02,N
1993,-0.22,N
1994,0.02,N
1995,-0.26,N
1996,0.02,N
1997,-0.22,N
1998,-0.02,N
1999,-0.1,N
2000,-0.18,N
2001,-0.14,N
2002,-0.14,N
2003,-0.1,N
2004,-0.14,N
2005,-0.18,N
2006,-0.1,N
2007,-0.1,N
2008,-0.1,N
2009,-0.18,N
2010,-0.06,N
2011,-0.14,N
2012,-0.1,N
2013,-0.1,N
2014,-0.14,N
2015,-0.1,N
2016,-0.1,N
2017,-0.14,N
2018,-0.1,N
2019,-0.1,N
2020,-0.1,N
2021,-0.1,N
2022,-0.1,N
2023,-0.1,N
2024,-0.1,N
2025,-0.1,N
2026,-0.1,N
2027,-0.1,N
2028,-0.14,N
2029,-0.18,N
2030,-0.1,N
2031,-0.1,N
2032,-0.18,N
2033,-0.14,N
2034,-0.1,N
2035,-0.1,N
2036,-0.1,N
2037,-0.1,N
2038,-0.1,N
2039,-0.1,N
2040,-0.1,N
2041,-0.1,N
2042,-0.1,N
2043,-0.18,N
2044,-0.1,N
2045,-0.1,N
2046,-0.1,N
2047,-0.14,N
2048,-0.14,N
2049,-0.1,N
2050,-0.14,N
2051,-0.1,N
2052,-0.18,N
2053,-0.1,N
2054,-0.1,N
2055,-0.1,N
2056,-0.14,N
2057,-0.1,N
2058,-0.14,N
2059,-0.1,N
2060,-0.1,N
2061,-0.1,N
2062,-0.14,N
2063,-0.1,N
2064,-0.1,N
2065,-0.06,N
2066,-0.14,N
2067,-0.14,N
2068,-0.14,N
2069,-0.14,N
2070,-0.14,N
2071,-0.14,N
2072,-0.1,N
2073,-0.14,N
2074,-0.1,N
2075,-0.14,N
2076,-0.1,N
2077,-0.14,N
2078,-0.1,N
2079,-0.1,N
2080,-0.14,N
2081,-0.1,N
2082,-0.1,N
2083,-0.14,N
2084,-0.1,N
2085,-0.14,N
2086,-0.14,N
2087,-0.1,N
2088,-0.06,N
2089,-0.1,N
2090,-0.14,N
2091,-0.1,N
2092,-0.1,N
2093,-0.14,N
2094,-0.06,N
2095,-0.14,N
2096,-0.18,N
2097,-0.1,N
2098,-0.14,N
2099,-0.02,N
2100,0.22,Y
2101,0.5,Y
2102,0.7,Y
2103,0.86,Y
2104,0.98,Y
2105,1.14,Y
2106,1.3,Y
2107,1.42,Y
2108,1.58,Y
2109,1.66,Y
2110,1.82,Y
2111,1.86,Y
2112,1.9,Y
2113,1.94,Y
2114,1.94,Y
2115,1.82,Y
2116,1.66,Y
2117,1.22,Y
2118,1.22,Y
2119,1.5,Y
2120,1.54,Y
2121,1.58,Y
2122,1.62,Y
2123,1.7,Y
2124,1.78,Y
2125,1.78,Y
2126,1.82,Y
2127,1.86,Y
2128,1.98,Y
2129,2.06,Y
2130,2.06,Y
2131,2.1,Y
2132,2.18,Y
2133,2.26,Y
2134,2.3,Y
2135,2.34,Y
2136,2.42,Y
2137,2.42,Y
2138,2.46,Y
2139,2.46,Y
2140,2.42,Y
2141,2.38,Y
2142,2.18,Y
2143,2.02,Y
2144,1.26,Y
2145,1.02,Y
2146,1.1,Y
2147,1.1,Y
2148,1.14,Y
2149,1.14,Y
2150,1.22,Y
2151,1.26,Y
2152,1.3,Y
2153,1.3,Y
2154,1.42,Y
2155,1.46,Y
2156,1.5,Y
2157,1.58,Y
2158,1.66,Y
2159,1.66,Y
2160,1.78,Y
2161,1.9,Y
2162,1.98,Y
2163,2.02,Y
2164,2.22,Y
2165,2.34,Y
2166,2.38,Y
2167,2.46,Y
2168,2.58,Y
2169,2.7,Y
2170,2.82,Y
2171,2.86,Y
2172,2.94,Y
2173,3.1,Y
2174,3.22,Y
2175,3.26,Y
2176,3.38,Y
2177,3.46,Y
2178,3.46,Y
2179,3.54,Y
2180,3.66,Y
2181,3.66,Y
2182,3.74,Y
2183,3.86,Y
2184,3.82,Y
2185,3.9,Y
2186,3.9,Y
2187,3.9,Y
2188,3.98,Y
2189,4.02,Y
2190,4.06,Y
2191,4.06,Y
2192,4.1,Y
2193,4.1,Y
2194,4.1,Y
2195,4.14,Y
2196,4.1,Y
2197,4.18,Y
2198,4.18,Y
2199,4.18,Y
2200,4.18,Y
2201,4.14,Y
2202,4.18,Y
2203,4.18,Y
2204,4.22,Y
2205,4.18,Y
2206,4.22,Y
2207,4.22,Y
2208,4.18,Y
2209,4.18,Y
2210,4.18,Y
2211,4.22,Y
2212,4.22,Y
2213,4.22,Y
2214,4.22,Y
2215,4.18,Y
2216,4.18,Y
2217,4.18,Y
2218,4.26,Y
2219,4.22,Y
2220,4.18,Y
2221,4.26,Y
2222,4.22,Y
2223,4.22,Y
2224,4.18,Y
2225,4.18,Y
2226,4.26,Y
2227,4.22,Y
2228,4.18,N
2229,4.18,N
2230,4.22,N
2231,4.22,N
2232,4.22,N
2233,4.18,N
2234,4.18,N
2235,4.18,N
2236,4.18,N
2237,4.18,N
2238,4.22,N
2239,4.22,N
2240,4.22,N
2241,4.22,N
2242,4.26,N
2243,4.18,N
2244,4.18,N
2245,4.22,N
2246,4.22,N
2247,4.18,N
2248,4.22,N
2249,4.22,N
2250,4.18,N
2251,4.22,N
2252,4.22,N
2253,4.18,N
2254,4.18,N
2255,4.18,N
2256,4.22,N
2257,4.22,N
2258,4.22,N
2259,4.18,N
2260,4.22,N
2261,4.26,N
2262,4.18,N
2263,4.22,N
2264,4.18,N
2265,4.22,N
2266,4.18,N
2267,4.22,N
2268,4.18,N
2269,4.18,N
2270,4.18,N
2271,4.14,N
2272,4.18,N
2273,4.18,N
2274,4.18,N
2275,4.18,N
2276,4.18,N
2277,4.22,N
2278,4.18,N
2279,4.18,N
2280,4.22,N
2281,4.18,N
2282,4.22,N
2283,4.18,N
2284,4.18,N
2285,4.22,N
2286,4.22,N
2287,4.18,N
2288,4.22,N
2289,4.22,N
2290,4.18,N
2291,4.26,N
2292,4.18,N
2293,4.18,N
2294,4.14,N
2295,4.18,N
2296,4.18,N
2297,4.18,N
2298,4.18,N
2299,4.22,N
2300,4.22,N
2301,4.22,N
2302,4.22,N
2303,4.14,N
2304,4.22,N
2305,4.18,N
2306,4.22,N
2307,4.18,N
2308,4.22,N
2309,4.22,N
2310,4.18,N
2311,4.26,N
2312,4.18,N
2313,4.22,N
2314,4.22,N
2315,4.22,N
2316,4.18,N
2317,4.26,N
2318,4.18,N
2319,4.22,N
2320,4.14,N
2321,4.22,N
2322,4.18,N
2323,4.18,N
2324,4.18,N
2325,3.78,N
2326,3.5,N
2327,2.46,N
2328,2.22,N
2329,1.98,N
2330,1.78,N
2331,1.62,N
2332,1.54,N
2333,1.42,N
2334,1.3,N
2335,1.18,N
2336,1.14,N
2337,1.02,N
2338,1.02,N
2339,0.94,N
2340,0.9,N
2341,0.82,N
2342,0.86,N
2343,0.82,N
2344,0.74,N
2345,0.74,N
2346,0.66,N
2347,0.66,N
2348,0.66,N
2349,0.62,N
2350,0.62,N
2351,0.58,N
2352,0.58,N
2353,0.58,N
2354,0.58,N
2355,0.54,N
2356,0.54,N
2357,0.54,N
2358,0.54,N
2359,0.54,N
2360,0.54,N
2361,0.5,N
2362,0.5,N
2363,0.5,N
2364,0.42,N
2365,0.5,N
2366,0.46,N
2367,0.46,N
2368,0.46,N
2369,0.42,N
2370,0.46,N
2371,0.46,N
2372,0.42,N
2373,0.46,N
2374,0.42,N
2375,0.42,N
2376,0.38,N
2377,0.42,N
2378,0.38,N
2379,0.42,N
2380,0.42,N
2381,0.38,N
2382,0.38,N
2383,0.42,N
2384,0.38,N
2385,0.34,N
2386,0.38,N
2387,0.34,N
2388,0.42,N
2389,0.38,N
2390,0.38,N
2391,0.38,N
2392,0.34,N
2393,0.34,N
2394,0.38,N
2395,0.3,N
2396,0.3,N
2397,0.34,N
2398,0.34,N
2399,0.34,N
2400,0.38,N
2401,0.3,N
2402,0.34,N
2403,0.3,N
2404,0.26,N
2405,0.3,N
2406,0.22,N
2407,0.3,N
2408,0.26,N
2409,0.3,N
2410,0.26,N
2411,0.22,N
2412,0.26,N
2413,0.3,N
2414,0.26,N
2415,0.3,N
2416,0.26,N
2417,0.22,N
2418,0.3,N
2419,0.22,N
2420,0.18,N
2421,0.22,N
2422,0.26,N
2423,0.26,N
2424,0.18,N
2425,0.26,N
2426,0.22,N
2427,0.22,N
2428,0.18,N
2429,0.22,N
2430,0.18,N
2431,0.26,N
2432,0.22,N
2433,0.22,N
2434,0.26,N
2435,0.22,N
2436,0.18,N
2437,0.26,N
2438,0.18,N
2439,0.26,N
2440,0.22,N
2441,0.22,N
2442,0.26,N
2443,0.22,N
2444,0.22,N
2445,0.22,N
2446,0.22,N
2447,0.26,N
2448,0.22,N
2449,0.22,N
2450,0.22,N
2451,0.22,N
2452,0.22,N
2453,0.22,N
2454,0.22,N
2455,0.22,N
2456,0.22,N
2457,0.14,N
2458,0.14,N
2459,0.18,N
2460,0.14,N
2461,0.18,N
2462,0.18,N
2463,0.22,N
2464,0.22,N
2465,0.38,N
2466,0.66,N
2467,0.94,N
2468,1.06,N
2469,0.86,N
2470,0.94,N
2471,0.9,N
2472,0.86,N
2473,0.82,N
2474,0.82,N
2475,0.78,N
2476,0.74,N
2477,0.74,N
2478,0.7,N
2479,0.7,N
2480,0.7,N
2481,0.62,N
2482,0.62,N
2483,0.66,N
2484,0.58,N
2485,0.62,N
2486,0.58,N
2487,0.58,N
2488,0.54,N
2489,0.54,N
2490,0.5,N
2491,0.46,N
2492,0.5,N
2493,0.46,N
2494,0.46,N
2495,0.42,N
2496,0.42,N
2497,0.42,N
2498,0.38,N
2499,0.38,N
2500,0.38,N
2501,0.38,N
2502,0.34,N
2503,0.3,N
2504,0.34,N
2505,0.3,N
2506,0.3,N
2507,0.3,N
2508,0.26,N
2509,0.3,N
2510,0.22,N
2511,0.3,N
2512,0.22,N
2513,0.26,N
2514,0.22,N
2515,0.18,N
2516,0.14,N
2517,0.22,N
2518,0.22,N
2519,0.22,N
2520,0.14,N
2521,0.18,N
2522,0.18,N
2523,0.1,N
2524,0.1,N
2525,0.22,N
2526,0.14,N
2527,0.14,N
2528,0.06,N
2529,0.1,N
2530,0.06,N
2531,0.06,N
2532,0.06,N
2533,0.06,N
2534,0.06,N
2535,0.06,N
2536,0.06,N
2537,0.02,N
2538,0.1,N
2539,0.1,N
2540,0.02,N
2541,0.02,N
2542,0.02,N
2543,0.02,N
2544,-0.02,N
2545,0.02,N
2546,0.02,N
2547,0.02,N
2548,0.02,N
2549,-0.02,N
2550,-0.02,N
2551,-0.06,N
2552,0.02,N
2553,-0.02,N
2554,-0.02,N
2555,-0.02,N
2556,-0.06,N
2557,-0.02,N
2558,-0.1,N
2559,-0.06,N
2560,-0.02,N
2561,-0.06,N
2562,-0.02,N
2563,-0.06,N
2564,-0.02,N
2565,-0.06,N
2566,-0.02,N
2567,-0.02,N
2568,-0.1,N
2569,-0.1,N
2570,-0.06,N
2571,-0.1,N
2572,-0.1,N
2573,-0.02,N
2574,-0.06,N
2575,-0.06,N
2576,-0.06,N
2577,-0.02,N
2578,-0.1,N
2579,-0.1,N
2580,-0.06,N
2581,-0.02,N
2582,-0.06,N
2583,-0.06,N
2584,-0.1,N
2585,-0.1,N
2586,-0.1,N
2587,-0.1,N
2588,-0.1,N
2589,-0.1,N
2590,-0.1,N
2591,-0.14,N
2592,-0.14,N
2593,-0.1,N
2594,-0.1,N
2595,-0.06,N
2596,-0.1,N
2597,-0.14,N
2598,-0.1,N
2599,-0.18,N
2600,-0.1,N
2601,-0.1,N
2602,-0.1,N
2603,-0.1,N
2604,-0.14,N
2605,-0.14,N
2606,-0.1,N
2607,-0.1,N
2608,-0.1,N
2609,-0.1,N
2610,-0.14,N
2611,-0.14,N
2612,-0.1,N
2613,-0.1,N
2614,-0.1,N
2615,-0.1,N
2616,-0.1,N
2617,-0.1,N
2618,-0.1,N
2619,-0.1,N
2620,-0.1,N
2621,-0.1,N
2622,-0.1,N
2623,-0.18,N
2624,-0.1,N
2625,-0.14,N
2626,-0.1,N
2627,-0.1,N
2628,-0.06,N
2629,-0.1,N
2630,-0.1,N
2631,-0.14,N
2632,-0.14,N
2633,-0.1,N
2634,-0.06,N
2635,-0.1,N
2636,-0.1,N
2637,-0.1,N
2638,-0.18,N
2639,-0.1,N
2640,-0.14,N
2641,-0.14,N
2642,-0.1,N
2643,-0.14,N
2644,-0.1,N
2645,-0.1,N
2646,-0.14,N
2647,-0.1,N
2648,-0.14,N
2649,-0.1,N
2650,-0.14,N
2651,-0.1,N
2652,-0.1,N
2653,-0.14,N
2654,-0.14,N
2655,-0.1,N
2656,-0.1,N
2657,-0.1,N
2658,-0.1,N
2659,-0.14,N
2660,-0.1,N
2661,-0.14,N
2662,-0.1,N
2663,-0.1,N
2664,-0.14,N
2665,-0.14,N
2666,-0.06,N
2667,-0.14,N
2668,-0.1,N
2669,-0.1,N
2670,-0.14,N
2671,-0.1,N
2672,-0.1,N
2673,-0.14,N
2674,-0.1,N
2675,-0.14,N
2676,-0.14,N
2677,-0.1,N
2678,-0.1,N
2679,-0.14,N
2680,-0.18,N
2681,-0.1,N
2682,-0.1,N
2683,-0.1,N
2684,-0.1,N
2685,-0.1,N
2686,-0.18,N
2687,-0.14,N
2688,-0.14,N
2689,-0.1,N
2690,-0.06,N
2691,-0.1,N
2692,-0.14,N
2693,-0.14,N
2694,-0.1,N
2695,-0.1,N
2696,-0.18,N
2697,-0.14,N
2698,-0.14,N
2699,-0.06,N
2700,-0.18,N
2701,-0.1,N
2702,-0.18,N
2703,-0.1,N
2704,-0.1,N
2705,-0.06,N
2706,-0.14,N
2707,-0.1,N
2708,-0.1,N
2709,-0.14,N
2710,-0.06,N
2711,-0.1,N
2712,-0.1,N
2713,-0.1,N
2714,-0.1,N
2715,-0.18,N
2716,-0.14,N
2717,-0.1,N
2718,-0.14,N
2719,-0.1,N
2720,-0.1,N
2721,-0.14,N
2722,-0.14,N
2723,-0.1,N
2724,-0.1,N
2725,-0.1,N
2726,-0.18,N
2727,-0.14,N
2728,-0.1,N
2729,-0.1,N
2730,-0.1,N
2731,-0.1,N
2732,-0.14,N
2733,-0.1,N
2734,-0.14,N
2735,-0.1,N
2736,-0.1,N
2737,-0.1,N
2738,-0.1,N
2739,-0.14,N
2740,-0.14,N
2741,-0.14,N
2742,-0.1,N
2743,-0.14,N
2744,-0.1,N
2745,-0.1,N
2746,-0.14,N
2747,-0.1,N
2748,-0.1,N
2749,-0.1,N
2750,-0.1,N
2751,-0.1,N
2752,-0.14,N
2753,-0.06,N
2754,-0.1,N
2755,-0.1,N
2756,-0.14,N
2757,-0.14,N
2758,-0.14,N
2759,-0.18,N
2760,-0.1,N
2761,-0.1,N
2762,-0.1,N
2763,-0.1,N
2764,-0.14,N
2765,-0.06,N
2766,-0.1,N
2767,-0.14,N
2768,-0.14,N
2769,-0.1,N
2770,-0.14,N
2771,-0.1,N
2772,-0.14,N
2773,-0.1,N
2774,-0.1,N
2775,-0.14,N
2776,-0.14,N
2777,-0.1,N
2778,-0.1,N
2779,-0.1,N
2780,-0.1,N
2781,-0.1,N
2782,-0.14,N
2783,-0.14,N
2784,-0.1,N
2785,-0.1,N
2786,-0.14,N
2787,-0.14,N
2788,-0.14,N
2789,-0.14,N
2790,-0.1,N
2791,-0.14,N
2792,-0.1,N
2793,-0.18,N
2794,-0.1,N
2795,-0.14,N
2796,-0.1,N
2797,-0.1,N
2798,-0.1,N
2799,-0.1,N
2800,-0.1,N
2801,-0.14,N
2802,-0.14,N
2803,-0.1,N
2804,-0.1,N
2805,-0.14,N
2806,-0.1,N
2807,-0.14,N
2808,-0.1,N
2809,-0.1,N
2810,-0.14,N
2811,-0.14,N
2812,-0.1,N
2813,-0.06,N
2814,-0.1,N
2815,-0.18,N
2816,-0.1,N
2817,-0.1,N
2818,-0.1,N
2819,-0.1,N
2820,-0.06,N
2821,-0.1,N
2822,-0.14,N
2823,-0.14,N
2824,-0.1,N
2825,-0.1,N
2826,-0.1,N
2827,-0.14,N
2828,-0.14,N
2829,-0.1,N
2830,-0.14,N
2831,-0.18,N
2832,-0.14,N
2833,-0.14,N
2834,-0.14,N
2835,-0.1,N
2836,-0.1,N
2837,-0.14,N
2838,-0.06,N
2839,-0.14,N
2840,-0.1,N
2841,-0.1,N
2842,-0.14,N
2843,-0.14,N
2844,-0.1,N
2845,-0.14,N
2846,-0.14,N
2847,-0.1,N
2848,-0.1,N
2849,-0.1,N
2850,-0.1,N
2851,-0.1,N
2852,-0.14,N
2853,-0.14,N
2854,-0.1,N
2855,-0.14,N
2856,-0.1,N
2857,-0.14,N
2858,-0.14,N
2859,-0.1,N
2860,-0.1,N
2861,-0.1,N
2862,-0.14,N
2863,-0.1,N
2864,-0.1,N
2865,-0.1,N
2866,-0.14,N
2867,-0.1,N
2868,-0.1,N
2869,-0.14,N
2870,-0.14,N
2871,-0.14,N
2872,-0.1,N
2873,-0.1,N
2874,-0.1,N
2875,-0.06,N
2876,-0.14,N
2877,-0.06,N
2878,-0.1,N
2879,-0.1,N
2880,-0.14,N
2881,-0.1,N
2882,-0.14,N
2883,-0.1,N
2884,-0.14,N
2885,-0.1,N
2886,-0.1,N
2887,-0.1,N
2888,-0.1,N
2889,-0.1,N
2890,-0.14,N
2891,-0.1,N
2892,-0.14,N
2893,-0.1,N
2894,-0.14,N
2895,-0.1,N
2896,-0.14,N
2897,-0.1,N
2898,-0.1,N
2899,-0.14,N
2900,-0.14,N
2901,-0.18,N
2902,-0.14,N
2903,-0.18,N
2904,-0.1,N
2905,-0.14,N
2906,-0.14,N
2907,-0.14,N
2908,-0.06,N
2909,-0.14,N
2910,-0.14,N
2911,-0.1,N
2912,-0.14,N
2913,-0.1,N
2914,-0.1,N
2915,-0.1,N
2916,-0.1,N
2917,-0.14,N
2918,-0.1,N
2919,-0.1,N
2920,-0.06,N
2921,-0.14,N
2922,-0.14,N
2923,-0.06,N
2924,-0.14,N
2925,-0.06,N
2926,-0.18,N
2927,-0.14,N
2928,-0.1,N
2929,-0.14,N
2930,-0.1,N
2931,-0.14,N
2932,-0.1,N
2933,-0.1,N
2934,-0.1,N
2935,-0.14,N
2936,-0.06,N
2937,-0.1,N
2938,-0.14,N
2939,-0.1,N
2940,-0.14,N
2941,-0.14,N
2942,-0.14,N
2943,-0.14,N
2944,-0.1,N
2945,-0.1,N
2946,-0.1,N
2947,-0.1,N
2948,-0.06,N
2949,-0.1,N
2950,-0.1,N
2951,-0.1,N
2952,-0.14,N
2953,-0.1,N
2954,-0.1,N
2955,-0.1,N
2956,-0.14,N
2957,-0.14,N
2958,-0.1,N
2959,-0.14,N
2960,-0.1,N
2961,-0.14,N
2962,-0.1,N
2963,-0.1,N
2964,-0.1,N
2965,-0.14,N
2966,-0.06,N
2967,-0.14,N
2968,-0.18,N
2969,-0.14,N
2970,-0.1,N
2971,-0.1,N
2972,-0.14,N
2973,-0.06,N
2974,-0.1,N
2975,-0.1,N
2976,-0.14,N
2977,-0.1,N
2978,-0.02,N
2979,-0.1,N
2980,-0.1,N
2981,-0.14,N
2982,-0.1,N
2983,-0.1,N
2984,-0.18,N
2985,-0.1,N
2986,-0.14,N
2987,-0.06,N
2988,-0.1,N
2989,-0.06,N
2990,-0.14,N
2991,-0.1,N
2992,-0.1,N
2993,-0.18,N
2994,-0.1,N
2995,-0.1,N
2996,-0.14,N
2997,-0.14,N
2998,-0.1,N
2999,-0.14,N
3000,-0.1,N
3001,-0.14,N
3002,-0.14,N
3003,-0.1,N
3004,-0.14,N
3005,-0.18,N
3006,-0.1,N
3007,-0.14,N
3008,-0.14,N
3009,-0.14,N
3010,-0.1,N
3011,-0.1,N
3012,-0.1,N
3013,-0.1,N
3014,-0.14,N
3015,-0.1,N
3016,-0.1,N
3017,-0.06,N
3018,-0.1,N
3019,-0.06,N
3020,-0.18,N
3021,-0.14,N
3022,-0.1,N
3023,-0.1,N
3024,-0.14,N
3025,-0.18,N
3026,-0.1,N
3027,-0.1,N
3028,-0.14,N
3029,-0.1,N
3030,-0.1,N
3031,-0.06,N
3032,-0.1,N
3033,-0.14,N
3034,-0.1,N
3035,-0.1,N
3036,-0.1,N
3037,-0.18,N
3038,-0.1,N
3039,-0.14,N
3040,-0.14,N
3041,-0.1,N
3042,-0.1,N
3043,-0.14,N
3044,-0.14,N
3045,-0.1,N
3046,-0.1,N
3047,-0.1,N
3048,-0.06,N
3049,-0.14,N
3050,-0.1,N
3051,-0.1,N
3052,-0.06,N
3053,-0.1,N
3054,-0.14,N
3055,-0.14,N
3056,-0.14,N
3057,-0.06,N
3058,-0.1,N
3059,-0.1,N
3060,-0.1,N
3061,-0.1,N
3062,-0.1,N
3063,-0.1,N
3064,-0.1,N
3065,-0.1,N
3066,-0.1,N
3067,-0.1,N
3068,-0.14,N
3069,-0.14,N
3070,-0.1,N
3071,-0.1,N
3072,-0.1,N
3073,-0.1,N
3074,-0.1,N
3075,-0.14,N
3076,-0.14,N
3077,-0.1,N
3078,-0.14,N
3079,-0.1,N
3080,-0.14,N
3081,-0.1,N
3082,-0.14,N
3083,-0.14,N
3084,-0.1,N
3085,-0.06,N
3086,-0.1,N
3087,-0.14,N
3088,-0.1,N
3089,-0.1,N
3090,-0.06,N
3091,0.18,N
3092,0.26,N
3093,0.38,N
3094,0.46,N
3095,0.54,N
3096,0.58,N
3097,0.7,N
3098,0.78,N
3099,0.86,N
3100,0.86,N
3101,1.02,N
3102,1.06,N
3103,1.22,N
3104,1.22,N
3105,1.3,N
3106,1.38,N
3107,1.42,N
3108,1.46,N
3109,1.54,N
3110,1.58,N
3111,1.62,N
3112,1.74,N
3113,1.82,N
3114,1.78,N
3115,1.86,N
3116,1.98,N
3117,2.02,N
3118,2.06,N
3119,2.06,N
3120,2.1,N
3121,2.14,N
3122,2.18,N
3123,2.22,N
3124,2.34,N
3125,2.26,N
3126,2.26,N
3127,2.22,N
3128,2.02,N
3129,1.62,N
3130,0.86,N
3131,0.94,N
3132,0.94,N
3133,1.02,N
3134,1.02,N
3135,1.14,N
3136,1.1,N
3137,1.22,N
3138,1.22,N
3139,1.3,N
3140,1.26,N
3141,1.34,N
3142,1.42,N
3143,1.5,N
3144,1.46,N
3145,1.62,N
3146,1.7,N
3147,1.82,N
3148,1.9,N
3149,2.02,N
3150,2.06,N
3151,2.22,N
3152,2.3,N
3153,2.38,N
3154,2.58,N
3155,2.58,N
3156,2.62,N
3157,2.78,N
3158,2.86,N
3159,2.94,N
3160,3.06,N
3161,3.1,N
3162,3.22,N
3163,3.3,N
3164,3.34,N
3165,3.38,N
3166,3.46,N
3167,3.5,N
3168,3.54,N
3169,3.58,N
3170,3.62,N
3171,3.7,N
3172,3.7,N
3173,3.7,N
3174,3.78,N
3175,3.82,N
3176,3.82,N
3177,3.86,N
3178,3.82,N
3179,3.82,N
3180,3.9,N
3181,3.86,N
3182,3.86,N
3183,3.94,N
3184,3.9,N
3185,3.98,N
3186,3.94,N
3187,3.9,N
3188,3.94,N
3189,3.98,N
3190,3.98,N
3191,3.9,N
3192,3.9,N
3193,3.98,N
3194,3.98,N
3195,3.98,N
3196,3.98,N
3197,3.98,N
3198,3.98,N
3199,3.98,N
3200,3.9,N
3201,3.94,N
3202,3.98,N
3203,3.98,N
3204,3.98,N
3205,3.98,N
3206,3.98,N
3207,3.98,N
3208,4.02,N
3209,3.9,N
3210,4.02,N
3211,3.94,N
3212,3.98,N
3213,3.94,N
3214,3.98,N
3215,4.02,N
3216,3.98,N
3217,3.94,N
3218,3.94,N
3219,3.98,N
3220,3.94,N
3221,3.98,N
3222,3.98,N
3223,3.98,N
3224,3.98,N
3225,3.94,N
3226,3.98,N
3227,3.94,N
3228,3.98,N
3229,3.98,N
3230,3.98,N
3231,3.98,N
3232,3.94,N
3233,3.98,N
3234,3.98,N
3235,3.98,N
3236,3.98,N
3237,3.9,N
3238,3.98,N
3239,3.98,N
3240,3.98,N
3241,3.94,N
3242,3.98,N
3243,3.98,N
3244,3.98,N
3245,3.98,N
3246,3.94,N
3247,3.98,N
3248,4.02,N
3249,3.98,N
3250,3.98,N
3251,3.98,N
3252,3.98,N
3253,3.9,N
3254,3.94,N
3255,3.94,N
3256,3.94,N
3257,3.9,N
3258,3.98,N
3259,3.98,N
3260,3.98,N
3261,3.94,N
3262,3.98,N
3263,3.94,N
3264,3.98,N
3265,3.98,N
3266,3.98,N
3267,3.94,N
3268,3.98,N
3269,3.98,N
3270,3.98,N
3271,3.98,N
3272,3.94,N
3273,3.98,N
3274,3.94,N
3275,3.94,N
3276,3.9,N
3277,3.98,N
3278,3.98,N
3279,3.98,N
3280,3.98,N
3281,3.98,N
3282,3.98,N
3283,3.98,N
3284,3.98,N
3285,3.98,N
3286,3.98,N
3287,3.98,N
3288,3.94,N
3289,3.9,N
3290,3.98,N
3291,3.98,N
3292,3.98,N
3293,3.98,N
3294,3.9,N
3295,3.98,N
3296,3.98,N
3297,3.94,N
3298,3.98,N
3299,3.98,N
3300,3.98,N
3301,3.94,N
3302,3.98,N
3303,3.98,N
3304,3.94,N
3305,3.94,N
3306,3.9,N
3307,3.94,N
3308,3.98,N
3309,3.98,N
3310,3.98,N
3311,3.9,N
3312,3.98,N
3313,3.98,N
3314,3.9,N
3315,3.9,N
3316,3.94,N
3317,3.9,N
3318,4.02,N
3319,3.98,N
3320,3.98,N
3321,3.98,N
3322,3.98,N
3323,3.98,N
3324,3.94,N
3325,3.94,N
3326,3.98,N
3327,3.9,N
3328,3.98,N
3329,3.9,N
3330,3.94,N
3331,3.9,N
3332,3.98,N
3333,3.98,N
3334,3.98,N
3335,3.9,N
3336,3.98,N
3337,3.98,N
3338,3.98,N
3339,3.98,N
3340,3.98,N
3341,3.98,N
3342,3.98,N
3343,3.98,N
3344,3.94,N
3345,3.98,N
3346,3.98,N
3347,3.94,N
3348,3.9,N
3349,3.94,N
3350,3.98,N
3351,3.94,N
3352,3.94,N
3353,3.94,N
3354,3.98,N
3355,3.9,N
3356,3.98,N
3357,3.98,N
3358,3.9,N
3359,3.98,N
3360,3.98,N
3361,3.98,N
3362,4.02,N
3363,3.98,N
3364,3.98,N
3365,3.9,N
3366,3.98,N
3367,3.94,N
3368,4.02,N
3369,3.98,N
3370,3.98,N
3371,3.94,N
3372,3.9,N
3373,3.94,N
3374,3.98,N
3375,3.9,N
3376,3.98,N
3377,3.98,N
3378,3.98,N
3379,3.98,N
3380,3.98,N
3381,3.98,N
3382,3.98,N
3383,3.98,N
3384,3.98,N
3385,3.98,N
3386,3.98,N
3387,3.94,N
3388,3.98,N
3389,3.94,N
3390,3.94,N
3391,3.94,N
3392,3.9,N
3393,3.94,N
3394,3.94,N
3395,3.98,N
3396,3.94,N
3397,3.98,N
3398,3.9,N
3399,3.9,N
3400,2.78,N
3401,2.42,N
3402,2.14,N
3403,1.98,N
3404,1.78,N
3405,1.54,N
3406,1.46,N
3407,1.38,N
3408,1.26,N
3409,1.22,N
3410,1.1,N
3411,1.06,N
3412,0.94,N
3413,0.9,N
3414,0.86,N
3415,0.82,N
3416,0.82,N
3417,0.74,N
3418,0.7,N
3419,0.7,N
3420,0.7,N
3421,0.62,N
3422,0.66,N
3423,0.62,N
3424,0.62,N
3425,0.58,N
3426,0.54,N
3427,0.58,N
3428,0.54,N
3429,0.54,N
3430,0.5,N
3431,0.54,N
3432,0.5,N
3433,0.5,N
3434,0.54,N
3435,0.5,N
3436,0.5,N
3437,0.5,N
3438,0.5,N
3439,0.42,N
3440,0.46,N
3441,0.46,N
3442,0.46,N
3443,0.46,N
3444,0.42,N
3445,0.42,N
3446,0.46,N
3447,0.42,N
3448,0.42,N
3449,0.38,N
3450,0.42,N
3451,0.42,N
3452,0.38,N
3453,0.38,N
3454,0.38,N
3455,0.38,N
3456,0.42,N
3457,0.38,N
3458,0.38,N
3459,0.38,N
3460,0.38,N
3461,0.38,N
3462,0.3,N
3463,0.3,N
3464,0.38,N
3465,0.38,N
3466,0.38,N
3467,0.3,N
3468,0.3,N
3469,0.3,N
3470,0.3,N
3471,0.3,N
3472,0.3,N
3473,0.3,N
3474,0.34,N
3475,0.3,N
3476,0.3,N
3477,0.26,N
3478,0.22,N
3479,0.3,N
3480,0.3,N
3481,0.26,N
3482,0.26,N
3483,0.26,N
3484,0.26,N
3485,0.3,N
3486,0.26,N
3487,0.22,N
3488,0.22,N
3489,0.22,N
3490,0.22,N
3491,0.22,N
3492,0.26,N
3493,0.26,N
3494,0.22,N
3495,0.22,N
3496,0.22,N
3497,0.22,N
3498,0.22,N
3499,0.22,N
3500,0.26,N
3501,0.22,N
3502,0.22,N
3503,0.26,N
3504,0.22,N
3505,0.22,N
3506,0.22,N
3507,0.22,N
3508,0.18,N
3509,0.22,N
3510,0.22,N
3511,0.18,N
3512,0.22,N
3513,0.18,N
3514,0.22,N
3515,0.22,N
3516,0.14,N
3517,0.18,N
3518,0.14,N
3519,0.14,N
3520,0.22,N
3521,0.18,N
3522,0.18,N
3523,0.1,N
3524,0.18,N
3525,0.14,N
3526,0.14,N
3527,0.14,N
3528,0.18,N
3529,0.14,N
3530,0.14,N
3531,0.18,N
3532,0.14,N
3533,0.1,N
3534,0.14,N
3535,0.14,N
3536,0.1,N
3537,0.14,N
3538,0.14,N
3539,0.18,N
3540,0.14,N
3541,0.14,N
3542,0.14,N
3543,0.14,N
3544,0.1,N
3545,0.14,N
3546,0.06,N
3547,0.14,N
3548,0.1,N
3549,0.1,N
3550,0.1,N
3551,0.06,N
3552,0.1,N
3553,0.14,N
3554,0.3,N
3555,0.5,N
3556,0.82,N
3557,0.94,N
3558,0.86,N
3559,0.82,N
3560,0.82,N
3561,0.78,N
3562,0.74,N
3563,0.74,N
3564,0.7,N
3565,0.7,N
3566,0.66,N
3567,0.66,N
3568,0.62,N
3569,0.62,N
3570,0.58,N
3571,0.58,N
3572,0.58,N
3573,0.54,N
3574,0.54,N
3575,0.5,N
3576,0.46,N
3577,0.5,N
3578,0.46,N
3579,0.46,N
3580,0.46,N
3581,0.46,N
3582,0.38,N
3583,0.38,N
3584,0.38,N
3585,0.34,N
3586,0.38,N
3587,0.38,N
3588,0.34,N
3589,0.3,N
3590,0.34,N
3591,0.22,N
3592,0.3,N
3593,0.3,N
3594,0.34,N
3595,0.26,N
3596,0.22,N
3597,0.18,N
3598,0.22,N
3599,0.22,N
3600,0.18,N
3601,0.18,N
3602,0.18,N
3603,0.18,N
3604,0.18,N
3605,0.14,N
3606,0.18,N
3607,0.18,N
3608,0.14,N
3609,0.1,N
3610,0.14,N
3611,0.14,N
3612,0.1,N
3613,0.1,N
3614,0.1,N
3615,0.06,N
3616,0.06,N
3617,0.06,N
3618,0.1,N
3619,0.06,N
3620,0.1,N
3621,0.02,N
3622,0.02,N
3623,0.06,N
3624,0.06,N
3625,0.06,N
3626,0.06,N
3627,0.02,N
3628,-0.02,N
3629,-0.02,N
3630,-0.02,N
3631,-0.02,N
3632,0.02,N
3633,0.02,N
3634,0.02,N
3635,-0.06,N
3636,-0.06,N
3637,-0.02,N
3638,-0.02,N
3639,0.02,N
3640,-0.02,N
3641,-0.06,N
3642,-0.02,N
3643,-0.1,N
3644,-0.06,N
3645,-0.06,N
3646,-0.02,N
3647,-0.14,N
3648,-0.02,N
3649,-0.06,N
3650,-0.06,N
3651,-0.06,N
3652,-0.06,N
3653,-0.14,N
3654,-0.1,N
3655,-0.06,N
3656,-0.1,N
3657,-0.1,N
3658,-0.1,N
3659,-0.1,N
3660,-0.1,N
3661,-0.1,N
3662,-0.06,N
3663,-0.14,N
3664,-0.1,N
3665,-0.1,N
3666,-0.1,N
3667,-0.14,N
3668,-0.1,N
3669,-0.1,N
3670,-0.1,N
3671,-0.14,N
3672,-0.14,N
3673,-0.06,N
3674,-0.06,N
3675,-0.06,N
3676,-0.1,N
3677,-0.1,N
3678,-0.1,N
3679,-0.1,N
3680,-0.1,N
3681,-0.1,N
3682,-0.1,N
3683,-0.14,N
3684,-0.1,N
3685,-0.14,N
3686,-0.14,N
3687,-0.18,N
3688,-0.18,N
3689,-0.1,N
3690,-0.1,N
3691,-0.14,N
3692,-0.1,N
3693,-0.14,N
3694,-0.1,N
3695,-0.1,N
3696,-0.14,N
3697,-0.1,N
3698,-0.1,N
3699,-0.14,N
3700,-0.14,N
3701,-0.14,N
3702,-0.18,N
3703,-0.1,N
3704,-0.1,N
3705,-0.18,N
3706,-0.14,N
3707,-0.1,N
3708,-0.14,N
3709,-0.14,N
3710,-0.1,N
3711,-0.14,N
3712,-0.1,N
3713,-0.1,N
3714,-0.14,N
3715,-0.14,N
3716,-0.14,N
3717,-0.14,N
3718,-0.14,N
3719,-0.1,N
3720,-0.14,N
3721,-0.1,N
3722,-0.14,N
3723,-0.1,N
3724,-0.14,N
3725,-0.14,N
3726,-0.1,N
3727,-0.1,N
3728,-0.1,N
3729,-0.14,N
3730,-0.06,N
3731,-0.1,N
3732,-0.1,N
3733,-0.1,N
3734,-0.1,N
3735,-0.1,N
3736,-0.1,N
3737,-0.14,N
3738,-0.1,N
3739,-0.1,N
3740,-0.14,N
3741,-0.1,N
3742,-0.14,N
3743,-0.1,N
3744,-0.1,N
3745,-0.14,N
3746,-0.1,N
3747,-0.14,N
3748,-0.1,N
3749,-0.18,N
3750,-0.1,N
3751,-0.1,N
3752,-0.1,N
3753,-0.1,N
3754,-0.06,N
3755,-0.1,N
3756,-0.1,N
3757,-0.14,N
3758,-0.1,N
3759,-0.1,N
3760,-0.14,N
3761,-0.14,N
3762,-0.1,N
3763,-0.1,N
3764,-0.1,N
3765,-0.14,N
3766,-0.14,N
3767,-0.14,N
3768,-0.06,N
3769,-0.1,N
3770,-0.1,N
3771,-0.14,N
3772,-0.14,N
3773,-0.14,N
3774,-0.1,N
3775,-0.1,N
3776,-0.1,N
3777,-0.1,N
3778,-0.1,N
3779,-0.1,N
3780,-0.1,N
3781,-0.14,N
3782,-0.14,N
3783,-0.1,N
3784,-0.1,N
3785,-0.14,N
3786,-0.14,N
3787,-0.1,N
3788,-0.14,N
3789,-0.1,N
3790,-0.14,N
3791,-0.1,N
3792,-0.1,N
3793,-0.1,N
3794,-0.06,N
3795,-0.1,N
3796,-0.1,N
3797,-0.1,N
3798,-0.06,N
3799,-0.14,N
3800,-0.14,N
3801,-0.1,N
3802,-0.14,N
3803,-0.14,N
3804,-0.1,N
3805,-0.06,N
3806,-0.1,N
3807,-0.06,N
3808,-0.14,N
3809,-0.1,N
3810,-0.1,N
3811,-0.1,N
3812,-0.06,N
3813,-0.14,N
3814,-0.1,N
3815,-0.14,N
3816,-0.1,N
3817,-0.06,N
3818,-0.1,N
3819,-0.18,N
3820,-0.18,N
3821,-0.1,N
3822,-0.1,N
3823,-0.14,N
3824,-0.1,N
3825,-0.1,N
3826,-0.14,N
3827,-0.14,N
3828,-0.14,N
3829,-0.14,N
3830,-0.14,N
3831,-0.14,N
3832,-0.14,N
3833,-0.14,N
3834,-0.1,N
3835,-0.14,N
3836,-0.1,N
3837,-0.1,N
3838,-0.14,N
3839,-0.14,N
3840,-0.1,N
3841,-0.14,N
3842,-0.14,N
3843,-0.1,N
3844,-0.14,N
3845,-0.18,N
3846,-0.1,N
3847,-0.14,N
3848,-0.06,N
3849,-0.14,N
3850,-0.06,N
3851,-0.1,N
3852,-0.1,N
3853,-0.14,N
3854,-0.1,N
3855,-0.1,N
3856,-0.14,N
3857,-0.14,N
3858,-0.14,N
3859,-0.14,N
3860,-0.1,N
3861,-0.1,N
3862,-0.1,N
3863,-0.14,N
3864,-0.1,N
3865,-0.06,N
3866,-0.06,N
3867,-0.14,N
3868,-0.1,N
3869,-0.1,N
3870,-0.14,N
3871,-0.14,N
3872,-0.1,N
3873,-0.1,N
3874,-0.1,N
3875,-0.1,N
3876,-0.1,N
3877,-0.1,N
3878,-0.1,N
3879,-0.14,N
3880,-0.1,N
3881,-0.06,N
3882,-0.1,N
3883,-0.14,N
3884,-0.1,N
3885,-0.14,N
3886,-0.1,N
3887,-0.1,N
3888,-0.1,N
3889,-0.1,N
3890,-0.14,N
3891,-0.1,N
3892,-0.06,N
3893,-0.1,N
3894,-0.1,N
3895,-0.1,N
3896,-0.1,N
3897,-0.14,N
3898,-0.14,N
3899,-0.1,N
3900,-0.14,N
3901,-0.14,N
3902,-0.14,N
3903,-0.18,N
3904,-0.14,N
3905,-0.06,N
3906,-0.14,N
3907,-0.14,N
3908,-0.18,N
3909,-0.1,N
3910,-0.1,N
3911,-0.1,N
3912,-0.1,N
3913,-0.14,N
3914,-0.1,N
3915,-0.1,N
3916,-0.1,N
3917,-0.14,N
3918,-0.14,N
3919,-0.14,N
3920,-0.14,N
3921,-0.14,N
3922,-0.14,N
3923,-0.1,N
3924,-0.1,N
3925,-0.06,N
3926,-0.1,N
3927,-0.1,N
3928,-0.14,N
3929,-0.14,N
3930,-0.1,N
3931,-0.1,N
3932,-0.1,N
3933,-0.1,N
3934,-0.1,N
3935,-0.14,N
3936,-0.14,N
3937,-0.14,N
3938,-0.14,N
3939,-0.1,N
3940,-0.14,N
3941,-0.14,N
3942,-0.1,N
3943,-0.1,N
3944,-0.1,N
3945,-0.14,N
3946,-0.1,N
3947,-0.06,N
3948,-0.1,N
3949,-0.14,N
3950,-0.06,N
3951,-0.14,N
3952,-0.14,N
3953,-0.1,N
3954,-0.1,N
3955,-0.14,N
3956,-0.14,N
3957,-0.1,N
3958,-0.1,N
3959,-0.1,N
3960,-0.14,N
3961,-0.1,N
3962,-0.1,N
3963,-0.1,N
3964,-0.14,N
3965,-0.1,N
3966,-0.18,N
3967,-0.14,N
3968,-0.06,N
3969,-0.14,N
3970,-0.1,N
3971,-0.1,N
3972,-0.1,N
3973,-0.14,N
3974,-0.1,N
3975,-0.1,N
3976,-0.1,N
3977,-0.1,N
3978,-0.14,N
3979,-0.1,N
3980,-0.14,N
3981,-0.14,N
3982,-0.18,N
3983,-0.1,N
3984,-0.14,N
3985,-0.1,N
3986,-0.06,N
3987,-0.1,N
3988,-0.1,N
3989,-0.06,N
3990,-0.1,N
3991,-0.1,N
3992,-0.1,N
3993,-0.14,N
3994,-0.14,N
3995,-0.1,N
3996,-0.18,N
3997,-0.1,N
3998,-0.14,N
3999,-0.1,N
4000,-0.1,N
4001,-0.1,N
4002,-0.1,N
4003,-0.14,N
4004,-0.06,N
4005,-0.14,N
4006,-0.14,N
4007,-0.14,N
4008,-0.1,N
4009,-0.1,N
4010,-0.1,N
4011,-0.1,N
4012,-0.1,N
4013,-0.18,N
4014,-0.1,N
4015,-0.1,N
4016,-0.1,N
4017,-0.14,N
4018,-0.1,N
4019,-0.06,N
4020,-0.1,N
4021,-0.14,N
4022,-0.14,N
4023,-0.1,N
4024,-0.1,N
4025,-0.18,N
4026,-0.1,N
4027,-0.14,N
4028,-0.1,N
4029,-0.18,N
4030,-0.14,N
4031,-0.14,N
4032,-0.1,N
4033,-0.18,N
4034,-0.14,N
4035,-0.14,N
4036,-0.1,N
4037,-0.06,N
4038,-0.14,N
4039,-0.1,N
4040,-0.1,N
4041,-0.1,N
4042,-0.1,N
4043,-0.1,N
4044,-0.1,N
4045,-0.1,N
4046,-0.06,N
4047,-0.14,N
4048,-0.14,N
4049,-0.06,N
4050,-0.1,N
4051,-0.14,N
4052,-0.1,N
4053,-0.1,N
4054,-0.06,N
4055,-0.06,N
4056,-0.06,N
4057,-0.06,N
4058,-0.1,N
4059,-0.1,N
4060,-0.1,N
4061,-0.1,N
4062,-0.1,N
4063,-0.14,N
4064,-0.14,N
4065,-0.1,N
4066,-0.14,N
4067,-0.14,N
4068,-0.1,N
4069,-0.1,N
4070,-0.1,N
4071,-0.1,N
4072,-0.1,N
4073,-0.14,N
4074,-0.06,N
4075,-0.1,N
4076,-0.1,N
4077,-0.1,N
4078,-0.14,N
4079,-0.1,N
4080,-0.14,N
4081,-0.1,N
4082,-0.1,N
4083,-0.18,N
4084,-0.1,N
4085,-0.1,N
4086,-0.14,N
4087,-0.1,N
4088,-0.1,N
4089,-0.1,N
4090,-0.18,N
4091,-0.1,N
4092,-0.1,N
4093,-0.1,N
4094,-0.1,N
4095,-0.14,N
4096,-0.1,N
4097,-0.06,N
4098,-0.14,N
4099,-0.02,N
4100,0.1,N
4101,0.22,N
4102,0.3,N
4103,0.42,N
4104,0.46,N
4105,0.62,N
4106,0.7,N
4107,0.74,N
4108,0.82,N
4109,0.9,N
4110,1.02,N
4111,1.1,N
4112,1.14,N
4113,1.26,N
4114,1.3,N
4115,1.3,N
4116,1.42,N
4117,1.46,N
4118,1.5,N
4119,1.58,N
4120,1.58,N
4121,1.74,N
4122,1.74,N
4123,1.78,N
4124,1.9,N
4125,1.86,N
4126,1.94,N
4127,2.02,N
4128,2.1,N
4129,2.1,N
4130,2.14,N
4131,2.18,N
4132,2.22,N
4133,2.26,N
4134,2.26,N
4135,2.3,N
4136,2.22,N
4137,2.1,N
4138,1.82,N
4139,1.1,N
4140,0.86,N
4141,0.9,N
4142,1.02,N
4143,1.02,N
4144,1.1,N
4145,1.14,N
4146,1.14,N
4147,1.18,N
4148,1.26,N
4149,1.3,N
4150,1.38,N
4151,1.42,N
4152,1.46,N
4153,1.5,N
4154,1.62,N
4155,1.66,N
4156,1.7,N
4157,1.82,N
4158,1.98,N
4159,2.06,N
4160,2.22,N
4161,2.26,N
4162,2.34,N
4163,2.46,N
4164,2.58,N
4165,2.66,N
4166,2.74,N
4167,2.82,N
4168,2.9,N
4169,2.98,N
4170,3.1,N
4171,3.22,N
4172,3.3,N
4173,3.34,N
4174,3.38,N
4175,3.42,N
4176,3.5,N
4177,3.54,N
4178,3.58,N
4179,3.58,N
4180,3.7,N
4181,3.7,N
4182,3.74,N
4183,3.74,N
4184,3.82,N
4185,3.78,N
4186,3.82,N
4187,3.82,N
4188,3.94,N
4189,3.9,N
4190,3.9,N
4191,3.82,N
4192,3.9,N
4193,3.9,N
4194,3.9,N
4195,3.94,N
4196,3.9,N
4197,3.94,N
4198,3.98,N
4199,3.94,N
4200,3.98,N
4201,3.98,N
4202,3.98,N
4203,3.98,N
4204,3.94,N
4205,3.94,N
4206,3.98,N
4207,3.98,N
4208,3.98,N
4209,3.98,N
4210,3.98,N
4211,3.98,N
4212,3.98,N
4213,3.98,N
4214,3.98,N
4215,3.98,N
4216,3.98,N
4217,3.98,N
4218,3.98,N
4219,3.98,N
4220,3.9,N
4221,3.98,N
4222,3.94,N
4223,3.98,N
4224,3.98,N
4225,3.98,N
4226,3.98,N
4227,3.98,N
4228,3.98,N
4229,4.02,N
4230,3.98,N
4231,4.02,N
4232,3.98,N
4233,3.98,N
4234,3.94,N
4235,3.98,N
4236,3.98,N
4237,3.98,N
4238,3.94,N
4239,3.98,N
4240,3.98,N
4241,3.98,N
4242,3.94,N
4243,3.98,N
4244,3.98,N
4245,3.98,N
4246,3.9,N
4247,3.94,N
4248,3.94,N
4249,3.98,N
4250,3.98,N
4251,3.98,N
4252,3.98,N
4253,3.98,N
4254,4.02,N
4255,3.98,N
4256,3.98,N
4257,3.98,N
4258,3.9,N
4259,3.98,N
4260,3.94,N
4261,3.98,N
4262,3.98,N
4263,3.98,N
4264,3.98,N
4265,3.98,N
4266,3.94,N
4267,3.98,N
4268,4.02,N
4269,3.98,N
4270,3.98,N
4271,3.98,N
4272,3.98,N
4273,3.98,N
4274,3.9,N
4275,3.98,N
4276,3.98,N
4277,3.94,N
4278,3.98,N
4279,3.98,N
4280,3.98,N
4281,3.98,N
4282,3.98,N
4283,3.98,N
4284,3.94,N
4285,3.98,N
4286,3.94,N
4287,3.98,N
4288,3.94,N
4289,3.98,N
4290,3.9,N
4291,3.94,N
4292,3.98,N
4293,3.98,N
4294,3.98,N
4295,3.94,N
4296,3.94,N
4297,3.98,N
4298,3.98,N
4299,3.98,N
4300,3.98,N
4301,3.98,N
4302,3.98,N
4303,3.98,N
4304,3.98,N
4305,3.98,N
4306,3.98,N
4307,3.98,N
4308,3.98,N
4309,3.94,N
4310,3.98,N
4311,3.98,N
4312,3.9,N
4313,4.02,N
4314,3.9,N
4315,4.02,N
4316,3.98,N
4317,3.98,N
4318,3.94,N
4319,3.94,N
4320,3.98,N
4321,3.94,N
4322,3.98,N
4323,3.98,N
4324,3.98,N
4325,3.98,N
4326,3.98,N
4327,3.98,N
4328,3.94,N
4329,3.98,N
4330,3.98,N
4331,3.98,N
4332,3.94,N
4333,3.94,N
4334,3.9,N
4335,3.98,N
4336,3.9,N
4337,3.98,N
4338,3.94,N
4339,3.98,N
4340,3.9,N
4341,3.9,N
4342,3.98,N
4343,3.98,N
4344,3.98,N
4345,3.98,N
4346,3.98,N
4347,3.98,N
4348,3.98,N
4349,3.9,N
4350,3.98,N
4351,3.98,N
4352,3.94,N
4353,3.98,N
4354,3.94,N
4355,3.98,N
4356,3.98,N
4357,3.9,N
4358,3.98,N
4359,3.9,N
4360,3.98,N
4361,3.98,N
4362,3.98,N
4363,3.98,N
4364,3.98,N
4365,3.98,N
4366,3.94,N
4367,3.98,N
4368,4.02,N
4369,3.98,N
4370,3.98,N
4371,3.94,N
4372,3.9,N
4373,3.94,N
4374,3.98,N
4375,3.94,N
4376,3.9,N
4377,3.98,N
4378,3.94,N
4379,3.98,N
4380,3.94,N
4381,3.98,N
4382,3.98,N
4383,3.98,N
4384,3.9,N
4385,3.98,N
4386,3.98,N
4387,3.98,N
4388,3.98,N
4389,3.98,N
4390,3.98,N
4391,3.98,N
4392,3.94,N
4393,3.98,N
4394,3.98,N
4395,3.94,N
4396,3.98,N
4397,3.9,N
4398,3.94,N
4399,3.98,N
4400,3.94,N
4401,3.94,N
4402,3.94,N
4403,3.9,N
4404,3.98,N
4405,3.98,N
4406,3.98,N
4407,3.98,N
4408,3.98,N
4409,3.9,N
4410,3.94,N
4411,3.98,N
4412,3.94,N
4413,3.98,N
4414,3.98,N
4415,3.98,N
4416,3.98,N
4417,3.98,N
4418,3.98,N
4419,3.94,N
4420,3.98,N
4421,3.98,N
4422,3.9,N
4423,3.98,N
4424,3.98,N
4425,3.9,N
4426,3.94,N
4427,3.9,N
4428,3.62,N
4429,3.22,N
4430,2.38,N
4431,2.14,N
4432,1.9,N
4433,1.74,N
4434,1.58,N
4435,1.46,N
4436,1.34,N
4437,1.22,N
4438,1.18,N
4439,1.14,N
4440,1.06,N
4441,0.98,N
4442,0.9,N
4443,0.9,N
4444,0.78,N
4445,0.78,N
4446,0.82,N
4447,0.74,N
4448,0.66,N
4449,0.66,N
4450,0.66,N
4451,0.62,N
4452,0.58,N
4453,0.58,N
4454,0.54,N
4455,0.58,N
4456,0.54,N
4457,0.58,N
4458,0.58,N
4459,0.5,N
4460,0.5,N
4461,0.5,N
4462,0.5,N
4463,0.54,N
4464,0.5,N
4465,0.5,N
4466,0.5,N
4467,0.5,N
4468,0.5,N
4469,0.42,N
4470,0.46,N
4471,0.42,N
4472,0.42,N
4473,0.42,N
4474,0.46,N
4475,0.42,N
4476,0.38,N
4477,0.38,N
4478,0.42,N
4479,0.38,N
4480,0.42,N
4481,0.38,N
4482,0.38,N
4483,0.38,N
4484,0.34,N
4485,0.46,N
4486,0.3,N
4487,0.38,N
4488,0.38,N
4489,0.38,N
4490,0.38,N
4491,0.3,N
4492,0.3,N
4493,0.34,N
4494,0.38,N
4495,0.34,N
4496,0.3,N
4497,0.3,N
4498,0.34,N
4499,0.34,N
4500,0.3,N
4501,0.3,N
4502,0.34,N
4503,0.38,N
4504,0.3,N
4505,0.34,N
4506,0.3,N
4507,0.3,N
4508,0.3,N
4509,0.26,N
4510,0.26,N
4511,0.26,N
4512,0.26,N
4513,0.26,N
4514,0.3,N
4515,0.26,N
4516,0.26,N
4517,0.26,N
4518,0.3,N
4519,0.26,N
4520,0.18,N
4521,0.3,N
4522,0.22,N
4523,0.22,N
4524,0.22,N
4525,0.22,N
4526,0.22,N
4527,0.18,N
4528,0.18,N
4529,0.18,N
4530,0.22,N
4531,0.22,N
4532,0.22,N
4533,0.26,N
4534,0.22,N
4535,0.18,N
4536,0.18,N
4537,0.18,N
4538,0.22,N
4539,0.18,N
4540,0.14,N
4541,0.18,N
4542,0.14,N
4543,0.18,N
4544,0.14,N
4545,0.22,N
4546,0.14,N
4547,0.18,N
4548,0.14,N
4549,0.14,N
4550,0.18,N
4551,0.14,N
4552,0.14,N
4553,0.14,N
4554,0.22,N
4555,0.18,N
4556,0.18,N
4557,0.18,N
4558,0.14,N
4559,0.14,N
4560,0.14,N
4561,0.14,N
4562,0.14,N
4563,0.14,N
4564,0.14,N
4565,0.14,N
4566,0.14,N
4567,0.14,N
4568,0.14,N
4569,0.14,N
4570,0.1,N
4571,0.1,N
4572,0.14,N
4573,0.14,N
4574,0.14,N
4575,0.14,N
4576,0.14,N
4577,0.1,N
4578,0.14,N
4579,0.1,N
4580,0.1,N
4581,0.14,N
4582,0.14,N
4583,0.22,N
4584,0.38,N
4585,0.62,N
4586,0.9,N
4587,0.9,N
4588,0.82,N
4589,0.82,N
4590,0.82,N
4591,0.78,N
4592,0.74,N
4593,0.74,N
4594,0.74,N
4595,0.62,N
4596,0.62,N
4597,0.62,N
4598,0.62,N
4599,0.62,N
4600,0.58,N
4601,0.58,N
4602,0.58,N
4603,0.5,N
4604,0.5,N
4605,0.46,N
4606,0.46,N
4607,0.46,N
4608,0.42,N
4609,0.42,N
4610,0.46,N
4611,0.42,N
4612,0.42,N
4613,0.38,N
4614,0.38,N
4615,0.38,N
4616,0.34,N
4617,0.34,N
4618,0.3,N
4619,0.34,N
4620,0.34,N
4621,0.34,N
4622,0.26,N
4623,0.26,N
4624,0.26,N
4625,0.22,N
4626,0.26,N
4627,0.26,N
4628,0.22,N
4629,0.22,N
4630,0.22,N
4631,0.18,N
4632,0.18,N
4633,0.18,N
4634,0.18,N
4635,0.14,N
4636,0.18,N
4637,0.1,N
4638,0.14,N
4639,0.14,N
4640,0.14,N
4641,0.14,N
4642,0.14,N
4643,0.1,N
4644,0.1,N
4645,0.1,N
4646,0.06,N
4647,0.1,N
4648,0.06,N
4649,0.06,N
4650,0.02,N
4651,0.02,N
4652,0.06,N
4653,0.06,N
4654,0.06,N
4655,0.02,N
4656,0.06,N
4657,0.06,N
4658,0.06,N
4659,-0.02,N
4660,0.02,N
4661,-0.02,N
4662,-0.02,N
4663,-0.02,N
4664,-0.06,N
4665,-0.02,N
4666,-0.06,N
4667,-0.02,N
4668,-0.02,N
4669,-0.02,N
4670,-0.02,N
4671,-0.02,N
4672,0.02,N
4673,-0.06,N
4674,-0.02,N
4675,-0.02,N
4676,-0.06,N
4677,-0.02,N
4678,-0.1,N
4679,-0.06,N
4680,-0.1,N
4681,-0.1,N
4682,-0.06,N
4683,-0.06,N
4684,-0.1,N
4685,-0.14,N
4686,-0.1,N
4687,-0.06,N
4688,-0.06,N
4689,-0.1,N
4690,-0.06,N
4691,-0.1,N
4692,-0.1,N
4693,-0.06,N
4694,-0.06,N
4695,-0.1,N
4696,-0.18,N
4697,-0.06,N
4698,-0.1,N
4699,-0.14,N
4700,-0.1,N
4701,-0.1,N
4702,-0.06,N
4703,-0.1,N
4704,-0.14,N
4705,-0.14,N
4706,-0.1,N
4707,-0.1,N
4708,-0.1,N
4709,-0.1,N
4710,-0.1,N
4711,-0.14,N
4712,-0.1,N
4713,-0.1,N
4714,-0.1,N
4715,-0.1,N
4716,-0.1,N
4717,-0.14,N
4718,-0.1,N
4719,-0.1,N
4720,-0.1,N
4721,-0.14,N
4722,-0.1,N
4723,-0.1,N
4724,-0.1,N
4725,-0.06,N
4726,-0.1,N
4727,-0.14,N
4728,-0.1,N
4729,-0.14,N
4730,-0.14,N
4731,-0.1,N
4732,-0.14,N
4733,-0.06,N
4734,-0.1,N
4735,-0.14,N
4736,-0.1,N
4737,-0.14,N
4738,-0.14,N
4739,-0.14,N
4740,-0.14,N
4741,-0.14,N
4742,-0.1,N
4743,-0.14,N
4744,-0.1,N
4745,-0.1,N
4746,-0.14,N
4747,-0.06,N
4748,-0.14,N
4749,-0.1,N
4750,-0.1,N
4751,-0.06,N
4752,-0.06,N
4753,-0.14,N
4754,-0.1,N
4755,-0.14,N
4756,-0.14,N
4757,-0.1,N
4758,-0.1,N
4759,-0.1,N
4760,-0.1,N
4761,-0.1,N
4762,-0.1,N
4763,-0.1,N
4764,-0.14,N
4765,-0.1,N
4766,-0.1,N
4767,-0.06,N
4768,-0.14,N
4769,-0.1,N
4770,-0.06,N
4771,-0.1,N
4772,-0.1,N
4773,-0.1,N
4774,-0.18,N
4775,-0.14,N
4776,-0.1,N
4777,-0.1,N
4778,-0.14,N
4779,-0.1,N
4780,-0.14,N
4781,-0.14,N
4782,-0.1,N
4783,-0.1,N
4784,-0.14,N
4785,-0.1,N
4786,-0.06,N
4787,-0.1,N
4788,-0.1,N
4789,-0.06,N
4790,-0.1,N
4791,-0.1,N
4792,-0.1,N
4793,-0.14,N
4794,-0.1,N
4795,-0.1,N
4796,-0.1,N
4797,-0.1,N
4798,-0.1,N
4799,-0.18,N
4800,-0.14,N
4801,-0.1,N
4802,-0.18,N
4803,-0.14,N
4804,-0.14,N
4805,-0.1,N
4806,-0.1,N
4807,-0.1,N
4808,-0.1,N
4809,-0.06,N
4810,-0.06,N
4811,-0.14,N
4812,-0.14,N
4813,-0.1,N
4814,-0.14,N
4815,-0.06,N
4816,-0.14,N
4817,-0.1,N
4818,-0.14,N
4819,-0.1,N
4820,-0.1,N
4821,-0.18,N
4822,-0.1,N
4823,-0.1,N
4824,-0.1,N
4825,-0.06,N
4826,-0.1,N
4827,-0.1,N
4828,-0.1,N
4829,-0.06,N
4830,-0.1,N
4831,-0.14,N
4832,-0.1,N
4833,-0.06,N
4834,-0.18,N
4835,-0.1,N
4836,-0.14,N
4837,-0.14,N
4838,-0.14,N
4839,-0.1,N
4840,-0.1,N
4841,-0.1,N
4842,-0.1,N
4843,-0.1,N
4844,-0.1,N
4845,-0.1,N
4846,-0.1,N
4847,-0.1,N
4848,-0.14,N
4849,-0.1,N
4850,-0.1,N
4851,-0.1,N
4852,-0.1,N
4853,-0.1,N
4854,-0.1,N
4855,-0.18,N
4856,-0.1,N
4857,-0.14,N
4858,-0.1,N
4859,-0.1,N
4860,-0.1,N
4861,-0.06,N
4862,-0.1,N
4863,-0.1,N
4864,-0.14,N
4865,-0.1,N
4866,-0.06,N
4867,-0.1,N
4868,-0.18,N
4869,-0.06,N
4870,-0.1,N
4871,-0.1,N
4872,-0.14,N
4873,-0.06,N
4874,-0.14,N
4875,-0.14,N
4876,-0.1,N
4877,-0.14,N
4878,-0.1,N
4879,-0.18,N
4880,-0.14,N
4881,-0.1,N
4882,-0.06,N
4883,-0.1,N
4884,-0.06,N
4885,-0.1,N
4886,-0.14,N
4887,-0.02,N
4888,-0.1,N
4889,-0.1,N
4890,-0.14,N
4891,-0.1,N
4892,-0.1,N
4893,-0.06,N
4894,-0.06,N
4895,-0.14,N
4896,-0.14,N
4897,-0.14,N
4898,-0.1,N
4899,-0.14,N
4900,-0.1,N
4901,-0.1,N
4902,-0.14,N
4903,-0.14,N
4904,-0.06,N
4905,-0.1,N
4906,-0.1,N
4907,-0.06,N
4908,-0.14,N
4909,-0.14,N
4910,-0.1,N
4911,-0.1,N
4912,-0.14,N
4913,-0.1,N
4914,-0.1,N
4915,-0.14,N
4916,-0.1,N
4917,-0.14,N
4918,-0.1,N
4919,-0.1,N
4920,-0.1,N
4921,-0.06,N
4922,-0.06,N
4923,-0.1,N
4924,-0.1,N
4925,-0.14,N
4926,-0.1,N
4927,-0.14,N
4928,-0.1,N
4929,-0.14,N
4930,-0.1,N
4931,-0.1,N
4932,-0.1,N
4933,-0.06,N
4934,-0.1,N
4935,-0.14,N
4936,-0.14,N
4937,-0.14,N
4938,-0.1,N
4939,-0.14,N
4940,-0.1,N
4941,-0.1,N
4942,-0.1,N
4943,-0.14,N
4944,-0.1,N
4945,-0.06,N
4946,-0.1,N
4947,-0.14,N
4948,-0.1,N
4949,-0.1,N
4950,-0.14,N
4951,-0.14,N
4952,-0.1,N
4953,-0.1,N
4954,-0.1,N
4955,-0.1,N
4956,-0.1,N
4957,-0.1,N
4958,-0.1,N
4959,-0.14,N
4960,-0.1,N
4961,-0.1,N
4962,-0.1,N
4963,-0.14,N
4964,-0.02,N
4965,-0.06,N
4966,-0.14,N
4967,-0.14,N
4968,-0.1,N
4969,-0.14,N
4970,-0.1,N
4971,-0.1,N
4972,-0.1,N
4973,-0.1,N
4974,-0.1,N
4975,-0.14,N
4976,-0.18,N
4977,-0.06,N
4978,-0.18,N
4979,-0.1,N
4980,-0.14,N
4981,-0.1,N
4982,-0.1,N
4983,-0.06,N
4984,-0.14,N
4985,-0.14,N
4986,-0.14,N
4987,-0.1,N
4988,-0.1,N
4989,-0.06,N
4990,-0.1,N
4991,-0.1,N
4992,-0.1,N
4993,-0.06,N
4994,-0.14,N
4995,-0.14,N
4996,-0.1,N
4997,-0.1,N
4998,-0.1,N
